inventory_id,site_project,site_project_label,site_name,site_name_label,inventory_pre_post_fire,inventory_pre_post_fire_label,plot_num,plot_blk,inventory_date,inventory_hour,plot_coord_x,plot_coord_y,plot_coord_srs,plot_declination,inventory_plot_diam,plot_slopeper,plot_aspectdegre,plot_wtreetag_yn,plot_wtreetag,plot_wtreesp,plot_wtreesp_scientific_name,plot_wtreesp_vernacular_name,plot_wtreedbh,plot_wtreeazimuth_deg,plot_wtreedistance_m,inventory_photon_file_uuid,inventory_photon_file_name,inventory_photoe_file_uuid,inventory_photoe_file_name,inventory_photos_file_uuid,inventory_photos_file_name,inventory_photow_file_uuid,inventory_photow_file_name,inventory_firesever,inventory_firesever_label,inventory_seedling_sco_per,inventory_shrubs_sco_per,inventory_sapling_sco_per,inventory_notes,reg_id,reg_plot_diam,ground_cover_id,ground_cover_bare_soil,ground_cover_litter,ground_cover_blacklitter,ground_cover_ash,ground_cover_rock,ground_cover_cwd,ground_cover_basal_veg,ground_cover_burnpiles,groundpost_cover_total,veg_cover_id,veg_cover_tot_veg_percent,veg_cover_tov_percent,veg_cover_und_percent,veg_cover_tos_percent,veg_cover_herb_percent,sp_invcov_id,sp_cov_inv_obs,sp_cov_inv_obs_label
143_pre_SHA_burn3d,burn3d,Burnpro3d,SHA,Shaver Lake (SHA),pre,Prefire,143,CAFKU_0143_20240721_1,7/21/24,14:44,297590,4108796,26911,12.28 east,11.3,14,261,TRUE,8.2,,,,,4,10.1,cf850ba7-4e95-48b4-8256-c7c440be886c,453b21d5-1b14-4fdb-aac7-d84121d9bcb7.jpeg,bf2b92ab-e9e2-4b56-8936-cf138072ff37,18b58ca1-5c5a-4ce6-bbcd-cef94e10eb17.jpeg,0581eeae-fc56-448f-a914-a20512985fb7,840d88ae-7665-468c-adbf-e7febaa3d8b3.jpeg,8e28c91e-1064-4976-b203-1e308a110b25,4ab2bf5f-571c-4dfd-abf0-9846c04cea16.jpeg,1,Light patchy burn pattern,,,,"Cows grazing in area , dried manure in clip plot ",1,4.37,1,15,82,0,0,0,1,2,0,100,1,50,40,4,0,10,1,3,Abigail
140_pre_SHA_burn3d,burn3d,Burnpro3d,SHA,Shaver Lake (SHA),pre,Prefire,140,CAFKU_0140_20240721_1,7/21/24,11:03,297640,4108747,26911,12.28 east,11.3,12,307,TRUE,87,,,,,192,9.1,62e70f06-34ab-4919-8e19-36d07530d79f,3c8c3cce-56b7-4b23-bb76-7f4467bd2068.jpeg,6dda0578-0ad0-4756-815c-71cb71b56c69,3eadf6c1-5513-48b3-925b-575c2e25f278.jpeg,3d40d57d-1ff7-4cab-b985-5b0ec7f6993c,20df5360-ea3e-4a0a-bc9c-2d9ca7ec6ef9.jpeg,9d1ccc7c-bef3-43ab-b288-cd3ed247d196,b9b01190-5012-4d40-9887-5c77e848d0b3.jpeg,1,Light patchy burn pattern,,,,"Meadow habitat, no regeneration found ",1,4.37,1,0,50,0,0,0,0,50,0,100,1,95,15,2,5,80,1,3,Abigail
152_pre_SHA_burn3d,burn3d,Burnpro3d,SHA,Shaver Lake (SHA),pre,Prefire,152,CAFKU_0152_20240721_1,7/21/24,8:25,297694,4108903,26911,12.28 east,11.3,19,319,TRUE,73,,,,,7,8.95,c870def2-2268-4982-8245-6490be8cb382,60295beb-1ac2-4918-97fa-89572c3a649a.jpeg,ff751151-a94a-4b74-bca7-296720a59207,a28a89e7-85ab-4b73-b1f0-3cc19842c7e2.jpeg,315c3a79-8099-47d7-b509-6cdac9325ecb,9af5e445-67c5-4737-b14f-b56393a761c4.jpeg,bb39f161-6c9b-41a0-b157-74c017204799,2d40dfb2-1888-440c-a25d-0078cb49366f.jpeg,1,Light patchy burn pattern,,,,,1,4.37,1,0,96,0,0,1,2,1,0,100,1,55,30,5,0,20,1,3,Abigail
147_pre_SHA_burn3d,burn3d,Burnpro3d,SHA,Shaver Lake (SHA),pre,Prefire,147,CAFKU_0147_20240720_1,7/20/24,14:04,297646,4108845,26911,12.28 east,11.3,15,333,TRUE,59,,,,,38,3.4,b269de9a-a8e3-4f2a-8bc3-2447d6a4fa21,7a6a99d6-1852-4e68-afae-d4d723ca9a8c.jpeg,217006a6-0d32-47e1-91bb-1c05b0c7da3c,f932e110-6a51-4081-8baa-16030fc7b4e4.jpeg,656285f7-01ad-4650-b1f2-c2e7eeab70f5,e7d1706f-4aec-4626-a189-b322bede0902.jpeg,bd9bc266-1b2b-40c8-bc15-a1d23ddbbdc7,3bab1a90-3bdc-4271-9872-36bd8739d724.jpeg,1,Light patchy burn pattern,,,,,1,4.37,1,0,94,0,0,0,5,1,0,100,1,75,30,15,8,25,1,3,Abigail
151_pre_SHA_burn3d,burn3d,Burnpro3d,SHA,Shaver Lake (SHA),pre,Prefire,151,CAFKU_0151_20240720_1,7/20/24,10:39,297603,4108893,26911,12.28 east,11.3,14,281,TRUE,42,,,,,44,6.5,9e7f80a6-ac2a-45bd-bca2-e6c7eeaa55cf,53401bc5-b1a2-47ee-a701-0ba7fb496896.jpeg,da56e8b4-ba8f-4a55-b8ed-bc641e2bf65c,67b6f0de-79e5-43b4-a585-c1b7a7e2ae0e.jpeg,0ab31570-181d-42a3-ba45-ac3a12e42dcb,54533a9a-23e1-402f-b4e6-7ff889397cd6.jpeg,a08fe30f-548a-480e-8e1d-5530df5648ca,19fad20b-a0ae-40e0-96b9-56fbb99626a8.jpeg,1,Light patchy burn pattern,,,,,1,4.37,1,5,87,0,0,0,0,8,0,100,1,75,50,5,2,40,1,3,Abigail
160_pre_SHA_burn3d,burn3d,Burnpro3d,SHA,Shaver Lake (SHA),pre,Prefire,160,CAFKU_0160_20240720_1,7/20/24,8:27,297560,4109056,26911,12.28 east,11.3,11,225,TRUE,37,,,,,214,8.5,af150e1b-be7c-4a5a-830b-e3af023e1f1f,0ff72595-7f38-471c-8131-5f9b8146846f.jpeg,c1baaf74-a383-4156-a15d-0674b5afe618,a4f96313-d44a-4283-bd8d-c3e1eb42c7e0.jpeg,88c5e5b4-e174-4586-8589-60da7197774c,52b8278c-65b9-46ab-813d-91f8a46c7b75.jpeg,546a33d9-eccd-467c-a97b-a4b4a57e9268,5ac6e8e6-d6bc-4ffc-8828-4dab74ca6e58.jpeg,1,Light patchy burn pattern,,,,,1,4.37,1,0,100,0,0,0,0,0,0,100,1,95,10,5,0,90,1,3,Abigail
158_pre_SHA_burn3d,burn3d,Burnpro3d,SHA,Shaver Lake (SHA),pre,Prefire,158,CAFKU_0158_20240719_1,7/19/24,14:25,297509,4109001,26911,12.28 east,11.3,8,270,TRUE,18,,,,,10,5.8,ab004556-2105-4d19-b1af-e5e6d042a8f4,daf55393-0127-4d2d-8fd0-8529ac873337.jpeg,87ababb7-7b90-4a21-b068-1b93ee881c64,b2f3073f-d6b0-4569-8991-e26230017754.jpeg,b3227deb-ae25-4fa6-ab6a-bae310c9233d,59a534b0-2dda-4f89-8918-cb04c426c4e4.jpeg,f2d2fa6f-0074-4cf7-9f0a-aca40ca64cd4,b417bf26-3042-4f76-9aaa-fda20ccf7cf0.jpeg,0,Unburned,,,,,1,4.37,1,0,99,0,0,0,1,0,0,100,1,100,10,0,5,95,1,3,Abigail
159_pre_SHA_burn3d,burn3d,Burnpro3d,SHA,Shaver Lake (SHA),pre,Prefire,159,CAFKU_0159_20240719_1,7/19/24,13:02,297605,4108988,26911,12.28 east,11.3,24,264,TRUE,10,,,,,4,8.4,c0243649-680d-4c68-8fe8-018122052fa0,eabd97de-0962-4d55-a208-5877b3b7366a.jpeg,4bd9b734-1872-4502-9f2e-1ddf56ae0bbc,9fc2f9e3-aa01-45a1-ab67-b7dc6d2edeba.jpeg,af98fefd-c5ba-451d-8e4e-0ee11bfd287d,87c041b2-ca7f-43b5-9ea5-3bffda4d5f5e.jpeg,e3a2badd-963c-4e72-b685-7ac772e30f5d,764177ce-11f2-477c-877d-9e4b70d65855.jpeg,1,Light patchy burn pattern,,,,,1,4.37,1,0,98,0,0,0,0,2,0,100,1,60,35,25,0,2,1,3,Abigail
156_pre_SHA_burn3d,burn3d,Burnpro3d,SHA,Shaver Lake (SHA),pre,Prefire,156,CAFKU_0156_20240719_1,7/19/24,9:14,297542,4108967,26911,12.28 east,11.3,10,250,TRUE,195,,,,,16,2.2,dc798b19-c0c0-49c6-a02f-9e2dd187b6c8,951ee81b-a0f2-448f-8b84-6e8030362529.jpeg,3d5f919a-6084-4b46-b441-31afea8518ff,d6af29ae-c67f-4a49-852f-d641eaf180bf.jpeg,a9bf79ad-f7b1-4d9a-bc1b-f66462884486,7c479eb8-72a7-4ab6-80e0-04558a30be47.jpeg,39de87e4-e454-4e2f-9af9-cd63dce98b2e,d7016eab-2df4-4717-8f9b-ff8b6e1beaa4.jpeg,1,Light patchy burn pattern,,,,,1,4.37,1,15,77,0,0,0,3,5,0,100,1,95,58,15,10,20,1,3,Abigail
148_pre_SHA_burn3d,burn3d,Burnpro3d,SHA,Shaver Lake (SHA),pre,Prefire,148,CAFKU_0148_20240718_1,7/18/24,10:27,297737,4108840,26911,12.28 east,11.3,22,315,TRUE,161,,,,,36,9.1,9664f5ab-3c3f-4356-b44b-51d2733e185a,be9b031c-e33b-458d-b4a9-99af103093a0.jpeg,56b89a3b-7a5b-411a-999b-16f97cd43886,fa7649da-124e-4ff1-96bd-60f73b8d2b50.jpeg,3655ebbb-311b-4fdd-94c9-61a3e350c197,32799c44-1270-4bac-86b3-f5ad59f32c4c.jpeg,2bdb3a6f-27c9-44e7-9e00-5c9bc4ba1484,d5a3bb77-8852-4fd3-a943-7051ee7c615d.jpeg,1,Light patchy burn pattern,,,,,1,4.37,1,0,96,0,0,0,3,1,0,100,1,75,15,0,0,70,1,3,Abigail
141_pre_SHA_burn3d,burn3d,Burnpro3d,SHA,Shaver Lake (SHA),pre,Prefire,141,CAFKU_0141_20240718_1,7/18/24,14:25,297732,4108738,26911,12.28 east,11.3,23,293,TRUE,182,,,,,32,5.65,39ace5ce-d385-489c-86a0-ebe04ab5425b,8252ed5f-fb17-4ded-bdf7-e359991f46a6.jpeg,17dd0d1f-d7d5-4d23-87c6-d4239bf0c169,8127e387-58dc-46cc-885b-0971354a9cfc.jpeg,9bf829ce-315e-464c-ad37-24f0b971d05c,ca1eb38c-23ac-40a0-9527-37fe91e784bf.jpeg,69dc668d-a97d-4bb7-8f4f-4e84363edf7a,410f9d22-a4cc-474b-a19e-22e1b76681b9.jpeg,1,Light patchy burn pattern,,,,,1,4.37,1,40,58,0,0,0,0,2,0,100,1,85,30,40,5,15,1,3,Abigail
144_pre_SHA_burn3d,burn3d,Burnpro3d,SHA,Shaver Lake (SHA),pre,Prefire,144,CAFKU_0144_20240718_1,7/18/24,12:50,297691,4108788,26911,12.28 east,11.3,14,260,TRUE,171,,,,,20,10.5,2e441635-d568-46c9-a3f4-bf002b6a18cf,efe82ff1-4d6d-4e16-b808-c4ecf06f1a5f.jpeg,0482f365-b03f-40df-af46-e9a21caa3c01,4e2fbe75-d2aa-4698-b0ae-9be2c0d2e584.jpeg,13531c7c-b0f5-444d-ae10-872998c2df50,94830c1f-34b4-4b7d-97ca-5063b4cd5757.jpeg,da5b288a-174c-4e56-bd42-0a8dd6754e13,ee17e62b-b4e7-4b79-bde3-840ce77bc439.jpeg,1,Light patchy burn pattern,,,,,1,4.37,1,0,99,0,0,0,0,1,0,100,1,80,30,0,1,49,1,3,Abigail
134_pre_SHA_burn3d,burn3d,Burnpro3d,SHA,Shaver Lake (SHA),pre,Prefire,134,CAFKU_0134_20240717_1,7/17/24,15:32,297772,4108726,26911,12.28 east,11.3,21,315,TRUE,150,,,,,124,5,8dd358e6-b06e-441c-8e8c-25c7b9131e8e,66251812-b285-49b8-a61d-5e9ecc3d371d.jpeg,d4456209-bc51-4584-ac6e-bdbf722a8728,cc924295-503d-433d-8293-f8badf4a2168.jpeg,df5aa4d4-a585-4f14-be5e-8e9b6fc126e0,70f76e11-9130-4b30-b44a-e9e30193649b.jpeg,5018f0b4-9f62-4edc-b4b0-d789e0aae381,995063a4-0e66-4b72-ac87-d39c5abc67ab.jpeg,1,Light patchy burn pattern,,,,,1,4.37,1,25,74,0,0,0,0,1,0,100,1,80,30,2,1,55,1,3,Abigail
142_pre_SHA_burn3d,burn3d,Burnpro3d,SHA,Shaver Lake (SHA),pre,Prefire,142,CAFKU_0142_20240717_1,7/17/24,12:42,297839,4108743,26911,12.28 east,11.3,11,310,TRUE,125,,,,,204,7.9,76d16e52-85a1-46fa-85ca-530867e33c63,14e3a0a1-886e-4b30-a1e5-d1b79d1b9b7c.jpeg,25819e0c-5606-4f53-af17-c28520e16e34,ca6e1b77-843c-4c7b-9334-ee40de71bdb7.jpeg,02d7be14-3b9e-4877-b9a9-5d31fbb8a313,f5bce6dd-682a-415c-a033-1e2f0e1cb7ea.jpeg,98673039-dc34-4330-beb2-b539dbc3ea42,56e4f5f3-015b-47a7-acbc-6e7823ca1432.jpeg,1,Light patchy burn pattern,,,,,1,4.37,1,30,65,0,0,2,0,3,0,100,1,30,25,5,1,0,1,2,Josh
149_pre_SHA_burn3d,burn3d,Burnpro3d,SHA,Shaver Lake (SHA),pre,Prefire,149,CAFKU_0149_20240717_1,7/17/24,9:16,297822,4108836,26911,12.28 east,11.3,16,310,TRUE,107,,,,,62,5.4,60d0b49e-45a0-4701-abb1-3cc8c85cb117,7c9beb86-6545-4f54-96b7-a97bd47a0c35.jpeg,b6953cef-66da-4a7f-81d7-770eb66277f4,a68581cc-885f-4869-82d0-1da55f18dbff.jpeg,27d262d1-0afe-4719-9a6e-b5a126d34918,cba59f5d-3305-42e2-b291-90f516981579.jpeg,7e8be63e-0f79-436f-9e94-20b1ea091a2d,a09827e6-4834-4ef1-a90a-ed8a3d61fce4.jpeg,2,Lightly burned,,,,Plot center moved about 10 meters west due to wasp nest,1,4.37,1,0,97,0,0,0,1,2,0,100,1,40,40,0,0,0,1,3,Abigail
157_pre_SHA_burn3d,burn3d,Burnpro3d,SHA,Shaver Lake (SHA),pre,Prefire,157,CAFKU_0157_20240716_1,7/16/24,9:12,297851,4108925,26911,12.28 east,11.3,17,270,TRUE,101,,,,,290,9.2,059bcf7f-e169-4258-8129-edab70ab2e8b,52058b8b-9c19-4bf4-b2e1-4a4f3f3933a1.jpeg,61705624-1b79-48c7-9344-a17325c56787,c0e615b5-284d-4d75-b77f-48b0e9f1a4e3.jpeg,5693e561-64c1-4924-9b37-fc32d3dde6ff,c4301327-58f7-4649-b4b5-dfe320b882d3.jpeg,2519be02-64be-4ffd-8b45-f52e4bd42447,57a79589-3182-40c0-abb5-b00038ea5945.jpeg,1,Light patchy burn pattern,,,,Witness tree has burned a few meters up  ,1,4.37,1,5,91,0,0,0,2,2,0,100,1,80,15,3,40,30,1,5,Peter
53_pre_ind_burn3d,burn3d,Burnpro3d,ind,Independence Lake (IND),pre,Prefire,53,CATNF_6053_20240817_1,8/17/24,13:19,732491,4370799,26910,12.98 east,11.3,5,135,TRUE,495,,,,,8,8.5,,,,,,,,,0,Unburned,,,,,1,4.37,1,5,85,0,0,5,0,5,0,100,1,97,10,5,1,95,1,3,Abigail
46_pre_ind_burn3d,burn3d,Burnpro3d,ind,Independence Lake (IND),pre,Prefire,46,CATNF_6046_20240817_1,8/17/24,11:00,733059,4371049,26910,"12,98 east",11.3,12,168,TRUE,492,,,,,37,5.24,78332480-c10d-4ac5-9471-45f174945d92,7c48fe46-2e7a-4d3a-988c-d287a060bf2b.jpeg,8b170393-d001-460e-8964-78257d9e2466,99dfcb2f-2678-428a-bb46-3893e027db61.jpeg,a43c73ee-6ab6-423a-a66b-3e9ed6ab0bdb,02a1f198-8bbf-4d39-9ae5-2cb68ab4785c.jpeg,928fb5a4-efbe-4768-838b-28bbe1c49154,b65ed093-5db9-4f30-9bbd-3a968461ea19.jpeg,1,Light patchy burn pattern,,,,90 degree transect offset to 80 degrees due to Boulder in plot,1,4.37,1,85,10,0,0,5,0,0,0,100,1,40,10,0,2,40,1,3,Abigail
44_pre_ind_burn3d,burn3d,Burnpro3d,ind,Independence Lake (IND),pre,Prefire,44,CATNF_6044_20240817_1,8/17/24,8:56,732939,4371205,26910,"12,98 east",11.3,2,286,TRUE,481,,,,,34,7,67f1dbc3-d55d-4ffe-a09d-8dd945903ef2,986077e7-6fb1-4e40-adf5-2758da894639.jpeg,490addc5-d915-46e8-8989-546067c77d77,715cc718-909c-4938-9218-534dca7980f9.jpeg,1c314e32-ddfb-4ce2-93cd-4b84fea3889d,45ad4b0a-8232-4524-9ad8-82ccd53cd88b.jpeg,37a38472-f6f8-428a-a486-5df5dbcca74a,8a689621-c689-4c3d-9999-a810266525cf.jpeg,1,Light patchy burn pattern,,,,,1,4.37,1,3,91,0,0,3,2,1,0,100,1,55,30,1,1,23,1,3,Abigail
55_pre_ind_burn3d,burn3d,Burnpro3d,ind,Independence Lake (IND),pre,Prefire,55,CATNF_6055_20240816_1,8/16/24,15:29,733199,4371175,26910,"12,98 east",11.3,12,126,TRUE,478,,,,,5,8.5,587592d6-b5ee-4c23-bcfb-8138ef4d86f0,57fa11aa-181e-4fe0-891d-aab5281b1115.jpeg,be8d312d-222d-4a2e-8967-4c47bf4a3422,45844d1d-cdb6-4442-a82b-5a35db1ecf0b.jpeg,e3319e37-9b17-400c-bc32-5888bd6d1a22,5f2b9d49-5835-456b-ac78-5c9c663d142e.jpeg,2ef5abd9-43be-40b1-bed4-e652cb10e329,3d989766-6a66-408c-b70d-48e02043dd6a.jpeg,1,Light patchy burn pattern,,,,,1,4.37,1,4,93,0,0,2,0,1,0,100,1,20,5,0,3,15,1,3,Abigail
9_post0_SDR_burn3d,burn3d,Burnpro3d,SDR,Sedgwick Reserve (SDR),post0,Postfire_imm,9,,,0:00,769928,3842819,26910,11.55,11.3,43,288,TRUE,487,,,,,214,7.9,,,,,,,,,,,,,,,1,,1,0,0,0,0,0,0,0,0,0,1,,,,,,1,,
47_pre_ind_burn3d,burn3d,Burnpro3d,ind,Independence Lake (IND),pre,Prefire,47,CATNF_6047_20240816_1,8/16/24,13:18,733347,4371034,26910,"12,98 east",11.3,4,107,TRUE,471,,,,,33,11,5ca96b44-bc4b-48a1-a414-7ccd33a3b79b,4d48be07-f53b-43ce-ba97-56207782ba3c.jpeg,0d038a57-e710-4348-819c-6a90cca4037e,dd1cb148-ddb7-4cdd-b9b1-0b1f5abc52fa.jpeg,73c96c47-c84e-48b7-95a1-8e115fba7abb,41cf7bce-eafe-499e-ba69-089b5da78734.jpeg,e42a5385-6e0e-4684-b765-4f02e3e11487,11c65397-fb8c-4c0f-8aad-877ae2f2a2c4.jpeg,1,Light patchy burn pattern,,,,,1,4.37,1,10,85,0,0,1,3,1,0,100,1,30,20,0,1,9,1,3,Abigail
42_pre_ind_burn3d,burn3d,Burnpro3d,ind,Independence Lake (IND),pre,Prefire,42,CATNF_6042_20240816_1,8/16/24,10:30,733494,4371166,26910,"12,98 east",11.3,12,193,TRUE,460,,,,,82,8,c4a8bbfa-5e59-4fca-ad41-4a76bbb50ac6,16933faf-a7f5-4189-8ae4-9ca5ef76d243.jpeg,cf76e268-0af6-40b6-bdb5-8047a2c64ca3,aa199ce0-1f42-46bb-af4d-631d94ffee78.jpeg,c013e6b8-df15-43c6-92f6-8701096ff45e,a292db7c-6832-4be6-935b-e6a946cc624e.jpeg,574a91a2-1874-4ba2-b026-708b154f3a38,a255f5a8-986e-4428-b240-f2d7fe71eb33.jpeg,0,Unburned,,,,,1,4.37,1,0,89,0,0,10,1,0,0,100,1,35,5,1,15,15,1,3,Abigail
52_pre_ind_burn3d,burn3d,Burnpro3d,ind,Independence Lake (IND),pre,Prefire,52,CATNF_6052_20240815_1,8/15/24,11:47,732629,4370927,26910,"12,98 east",11.3,3,49,TRUE,454,,,,,77,8.7,d48090b7-bf87-4a99-ae39-2d6227465e87,fa4bfb0a-bbda-47f2-b904-7ddbb164c2e3.jpeg,46f33def-bc64-407d-89bd-6bdee496f127,c1c6a039-1c41-45bc-beb3-4bbd667fe154.jpeg,07225f0f-140b-4202-92bc-b2f8d7afed1d,0ec42676-f8e7-4f83-9703-a63e5ba1b5df.jpeg,f25af14a-318f-4123-aac8-d6db43a3737f,5cdf170c-fc65-4357-9752-f01ac7856880.jpeg,1,Light patchy burn pattern,,,,,1,4.37,1,0,86,0,0,2,7,5,0,100,1,88,5,3,5,60,1,3,Abigail
66_pre_ind_burn3d,burn3d,Burnpro3d,ind,Independence Lake (IND),pre,Prefire,66,CATNF_6066_20240815_1,8/15/24,12:37,732926,4371048,26910,"12,98 east",11.3,2,229,TRUE,449,,,,,43,5.4,cb4a3bf0-a3c3-459b-a8d0-2233d61feecd,dd5f9c41-2854-4d30-a471-ef3865f87005.jpeg,fde449a3-6f47-409f-945b-222df12f05fa,cf6fbac4-fc3d-4406-ad73-5f824ffb08b6.jpeg,fc72d69b-2f23-4e59-9268-0e58f337cf88,c244c95c-e130-4402-a61b-4756fb616743.jpeg,909e1c26-5457-4971-9c0d-e90324c03b05,4cdeac49-6f0f-43bb-a51e-f737682a5765.jpeg,0,Unburned,,,,,1,4.37,1,15,84,0,0,0,0,1,0,100,1,15,12,0,0,3,1,3,Abigail
60_pre_ind_burn3d,burn3d,Burnpro3d,ind,Independence Lake (IND),pre,Prefire,60,CATNF_6060_20240815_1,8/15/24,10:20,732620,4371068,26910,"12,98 east",11.3,22,132,TRUE,438,,,,,146,7,cfc9d228-1039-4b7b-a63f-d51980b746f4,4147a920-87f5-4929-b2fb-ffa9942f23b3.jpeg,87cdeb01-26d6-4c1f-9230-b02656c07a3f,acce9bbe-2c26-4cd2-a4a1-5527fada9636.jpeg,91e01ca3-2fe0-4cf1-85f5-df25274e0eae,18d5499e-c166-4a9d-86dd-3fb391360516.jpeg,5c34e1f5-714f-42bd-b9d9-f1b4183c0efb,519669bd-98dc-49a4-99e7-26503e4b97d8.jpeg,1,Light patchy burn pattern,,,,,1,4.37,1,6,65,0,0,25,3,1,0,100,1,35,25,0,0,10,1,3,Abigail
45_pre_ind_burn3d,burn3d,Burnpro3d,ind,Independence Lake (IND),pre,Prefire,45,CATNF_6045_20240815_1,8/15/24,7:43,732777,4371061,26910,"12,98 east",11.3,4,287,TRUE,427,,,,,27,4.3,99607665-bd3d-4862-9ade-be4e47ce8fab,0836115b-b03b-44ac-a238-3b722fde8c0f.jpeg,c47f97f1-1904-41f3-9da1-e6844dc8d19b,ac294a0d-9eea-4c65-bfbd-a8cb4937a914.jpeg,86fb6470-efb3-4866-ac26-15aa5a91b211,5f961faf-c0e6-4cb4-b4eb-d1053d6ec690.jpeg,9d511e25-8bed-410e-bcd8-1a400ab60c33,fc55c499-f5ee-483d-83d2-7d99f44545fe.jpeg,1,Light patchy burn pattern,,,,,1,4.37,1,5,86,0,0,3,5,1,0,100,1,55,30,15,2,8,1,3,Abigail
43_pre_ind_burn3d,burn3d,Burnpro3d,ind,Independence Lake (IND),pre,Prefire,43,CATNF_6043_20240814_1,8/14/24,15:13,733084,4371330,26910,"12,98 east",11.3,16,238,TRUE,419,,,,,130,11.3,30a65dee-10fb-4169-9995-5b6ac23b2e70,ac85047a-9e88-4705-8334-2e776c18da5a.jpeg,65cd9ba7-4ab5-4fbe-b693-b758dc6feaab,5c88b9f0-5bfb-407e-b1bc-c7d66d3de4a2.jpeg,6f702e14-c7c5-4e49-81f0-9629548e0829,d9d46d07-4257-4dfa-9f2f-4d5d41182c38.jpeg,a83a2257-9358-4740-85ac-4391ab3b638c,c249e74e-dabd-4a6e-9b0c-d52295282a1c.jpeg,1,Light patchy burn pattern,,,,,1,4.37,1,5,88,0,0,6,0,1,0,100,1,60,35,0,3,12,1,3,Abigail
57_pre_ind_burn3d,burn3d,Burnpro3d,ind,Independence Lake (IND),pre,Prefire,57,CATNF_6057_20240814_1,8/14/24,13:51,733208,4371428,26910,"12,98 east",11.3,12,23,TRUE,407,,,,,30,5.1,20b3b850-fd48-4c06-b2cd-c4ebf8f6c9b2,ca04972a-882c-49ed-8656-4fc169066684.jpeg,9462c0bb-d164-4727-8859-26e11e70277a,90313a91-0834-45cd-8f6b-d0b222d6ecd1.jpeg,d8234cc4-1aa3-430c-a20b-9eead8667e79,cd8c16e0-e585-49d8-97ae-3f10a4e02e6f.jpeg,7cd5b2a8-cded-43c1-9b61-bee263efa860,5f9c7f7e-35f7-4e3e-8269-8cb985bf2add.jpeg,0,Unburned,,,,,1,4.37,1,5,89,0,0,4,1,1,0,100,1,60,35,0,10,15,1,3,Abigail
56_pre_ind_burn3d,burn3d,Burnpro3d,ind,Independence Lake (IND),pre,Prefire,56,CATNF_6056_20240814_1,8/14/24,11:37,733354,4371317,26910,"12,98 east",11.3,26,109,TRUE,403,,,,,109,7.5,39f0a12a-30a8-4231-b9d2-b80fd9202ce5,a3f251a9-c3ee-4227-a34e-d4793df02bf4.jpeg,6d72125b-b755-4a36-953d-233e19bc876f,d79eadbd-0184-4e2f-a823-c45ab63ab5ef.jpeg,a7dd9c84-7633-4c84-bccf-8abc271be344,202bfa6d-1efb-41bc-ba94-3f195f1ae8a1.jpeg,67da0b3e-104d-4860-ae0d-60230ac69aa9,cffb9040-3c8f-4342-acdf-82af046243f4.jpeg,1,Light patchy burn pattern,,,,,1,4.37,1,2,76,0,0,20,1,1,0,100,1,45,10,0,8,27,1,3,Abigail
41_pre_ind_burn3d,burn3d,Burnpro3d,ind,Independence Lake (IND),pre,Prefire,41,CATNF_6041_20240814_1,8/14/24,8:48,733508,4371447,26910,"12,98 east",11.3,12,61,TRUE,376,,,,,80,10.6,4a44a78d-ddfa-4773-bd30-e44a8de7a8f8,ef025cf7-130c-4dff-8f66-1da10ac38a30.jpeg,482786e2-16ac-456a-b1b2-05797800db6c,e7d3d17a-5fba-4da1-9c5d-8393825949fe.jpeg,0332837b-1803-4484-a93d-e84cae9175f5,312bea84-44bf-4673-8d28-94cda00bd94a.jpeg,18dc38ef-7ce7-47d9-8fa4-5ea1eaa94723,38b7aab8-8b5d-4186-98c7-d1de3a1d79b3.jpeg,0,Unburned,,,,Moved plot center within 10m for lidar. Coordinates here are up to date.,1,4.37,1,0,94,0,0,0,1,5,0,100,1,80,30,2,30,30,1,3,Abigail
49_pre_ind_burn3d,burn3d,Burnpro3d,ind,Independence Lake (IND),pre,Prefire,49,CATNF_6049_20240813_1,8/13/24,14:01,733039,4370762,26910,"12,98 east",11.3,7,168,TRUE,354,,,,,8,8,2b5e67a4-8cc1-43fa-9979-32852fbbf091,e34983fa-2169-4f4d-85d8-3d1554bc053d.jpeg,1464ae06-44ea-47a4-ba92-1d1e63d84525,5c6bb161-b3b4-4294-8ac0-2f407695476e.jpeg,e5a56e26-0687-4437-8d49-441621013d9b,5665c6ab-67c1-4c26-9340-d99c0734b90e.jpeg,e062b466-0fa1-4be7-b461-ebf0beca3b5f,cb71dc60-61a8-47c1-94c0-d7c1827d8952.jpeg,0,Unburned,,,,,1,4.37,1,3,94,0,0,1,1,1,0,100,1,55,5,0,10,40,1,3,Abigail
48_pre_ind_burn3d,burn3d,Burnpro3d,ind,Independence Lake (IND),pre,Prefire,48,CATNF_6048_20240813_1,8/13/24,11:47,733194,4370893,26910,"12,98 east",11.3,14,126,TRUE,337,,,,,42,10.8,bc267c1a-ce57-49be-99e5-bd19e352aa13,7128545b-06ed-4c4c-854a-9590749c8293.jpeg,45212527-2da2-4522-af4c-56cbd3416722,ecc67296-c91d-49b8-8504-6e6083c16068.jpeg,860a6921-b6c3-40eb-8db2-61d52b185b67,0d264b7e-5a11-45a0-85a3-296ee748cb98.jpeg,9de82e64-1f2a-4b2a-8ae6-462d3f3fd76d,8afe8933-cda9-48fa-bae0-3821f896c857.jpeg,0,Unburned,,,,,1,4.37,1,5,86,0,0,3,3,3,0,100,1,55,45,0,0,10,1,3,Abigail
50_pre_ind_burn3d,burn3d,Burnpro3d,ind,Independence Lake (IND),pre,Prefire,50,CATNF_6050_20240812_1,8/12/24,15:52,733166,4370640,26910,"12,98 east",11.3,6,57,TRUE,156,,,,,5,10.1,f5009b27-9f4f-4331-af8f-39e845a89d58,5dd82e23-b537-4d50-931e-790c22f09798.jpeg,465b1451-a20d-4006-a981-d40a7fa8ccff,b4bb08f6-08a8-46fd-8b29-015826c1fd82.jpeg,0ed7a7d3-f870-4271-b70b-3fe53a728a60,a73fce5d-cff4-408c-b359-59c18ec83cb4.jpeg,23f5e7b7-51d6-4123-9b20-ab2f513764f0,9759ca78-78ef-4e1e-944d-a59fb8d97858.jpeg,0,Unburned,,,,,1,4.37,1,3,69,0,3,5,15,5,0,100,1,75,60,10,0,5,1,3,Abigail
54_pre_ind_burn3d,burn3d,Burnpro3d,ind,Independence Lake (IND),pre,Prefire,54,CATNF_6054_20240813_1,8/13/24,15:32,732911,4370916,26910,"12,98 east",11.3,16,212,TRUE,363,,,,,72,3.4,76659ff3-2612-4664-bee9-73952656a9f9,ef9ea3a5-7255-4124-8f40-c9751d893f0b.jpeg,d0fbb67d-2595-4f8e-a962-c8b9c03b8725,77bc6aaa-4a05-4689-8387-36b789828726.jpeg,897a60d4-2640-4058-9464-1bd97b7a412a,6043b100-3330-4b82-a9f8-bd87c0b7308d.jpeg,ce106bca-f6ad-4d87-a1f8-68ddb6a2130e,93356919-1126-47d7-b163-3c9e8ef02938.jpeg,1,Light patchy burn pattern,,,,,1,4.37,1,93,5,0,0,1,0,1,0,100,1,40,36,0,3,1,1,3,Abigail
69_pre_ind_burn3d,burn3d,Burnpro3d,ind,Independence Lake (IND),pre,Prefire,69,CATNF_6069_20240813_1,8/13/24,10:13,733206,4370758,26910,"12,98 east",11.3,2,105,TRUE,329,,,,,18,8.7,c658d34c-3d06-44ac-b437-5f8348514845,f1dfd4dd-d08a-40a9-9aff-276f4ea70fbd.jpeg,c02ef86c-b610-4086-82c1-07258e014211,c845f5d9-c855-42fb-ae16-ba07618bb89d.jpeg,4e261ffc-818e-4205-9728-5c2689160a1e,8b453481-faa4-4c83-a4f3-c5d65a27e3df.jpeg,5db6334b-35f8-4251-967a-7451483fd5d6,fade71e1-6038-42b4-9668-24961c0e05a6.jpeg,0,Unburned,,,,,1,4.37,1,5,90,0,0,2,2,1,0,100,1,55,10,0,0,35,1,3,Abigail
122_pre_SHA_burn3d,burn3d,Burnpro3d,SHA,Shaver Lake (SHA),pre,Prefire,122,CAFKU_0122_20240804_1,8/4/24,14:54,297878,4108578,26911,"12,28 east",11.3,16,109,TRUE,145,,,,,23,8,63064c9d-bdd3-4f98-8252-dcf3c2ca9256,0ea8d66f-ec9b-4744-9cae-f6be11b1ba85.jpeg,d4e852e0-e422-4a3e-ad49-eaa067bd0f06,f6bcef2a-30a7-4cbd-9747-2c95a4c1f8d5.jpeg,0bc333af-c238-4195-89dd-387e028aafba,a1b55ae0-82f4-48ce-b798-d254b74ae338.jpeg,002cc771-4e0a-401f-bb24-4c7df2d0a084,f1e899d6-7617-44c3-9f0b-691e27ba66dc.jpeg,1,Light patchy burn pattern,,,,,1,4.37,1,10,81,0,0,0,7,2,0,100,1,40,20,10,5,5,1,3,Abigail
105_pre_SHA_burn3d,burn3d,Burnpro3d,SHA,Shaver Lake (SHA),pre,Prefire,105,CAFKU_0105_20240804_1,8/4/24,12:26,297872,4108478,26911,"12,28 east",11.3,9,293,TRUE,135,,,,,2,8.3,9751d685-33b5-4682-9791-22920fc0fab0,94a728ef-4d5e-4d4c-962c-3cc02db17a84.jpeg,085702f2-d807-4669-8008-3dc1889a3e7f,263e1e73-7cc7-428c-aa69-dc95d123a315.jpeg,ebc778e6-4798-4c7f-a2a4-ffeb8e834da1,51e5c109-1036-4563-bd03-20582e9fbf23.jpeg,09e76f14-3196-47df-9f2d-9e08e15a6b7d,37b362cd-89d4-4298-881c-7749760a291d.jpeg,2,Lightly burned,,,,,1,4.37,1,20,78,0,0,0,0,2,0,100,1,35,15,5,10,0,1,3,Abigail
100_pre_SHA_burn3d,burn3d,Burnpro3d,SHA,Shaver Lake (SHA),pre,Prefire,100,CAFKU_0100_20240804_1,8/4/24,10:12,297917,4108425,26911,"12,28 east",11.3,10,71,TRUE,296,,,,,175,10.2,dafe2382-b80e-4d8b-a64d-bcaf73996390,943540d1-d5c2-43f0-b9dc-f58050b65373.jpeg,35f8a86c-a548-491f-85d5-be3585514665,eb2ca7d1-103e-4391-9e64-822765224c81.jpeg,b5a4fbe4-8cb3-41fe-b516-2763f03ab14e,e866b182-6693-4a8f-b036-7b53971fe09b.jpeg,bf26e82f-1b59-4d36-94a4-d90dd80718f7,70910e6f-4292-4b18-96d1-616c7c4920d7.jpeg,2,Lightly burned,,,,,1,4.37,1,15,82,0,0,1,0,2,0,100,1,40,5,1,33,1,1,3,Abigail
96_pre_SHA_burn3d,burn3d,Burnpro3d,SHA,Shaver Lake (SHA),pre,Prefire,96,CAFKU_0096_20240804_1,8/4/24,8:59,297964,4108372,26911,"12,28 east",11.3,8,104,TRUE,291,,,,,119,9.7,4f05b009-ffda-427c-b355-0a134736aa14,414361f7-c3f2-4a58-9486-b4b4503c40a9.jpeg,706cfa26-8336-4c1a-93e4-09669116ef1f,e4acff88-a0df-4fb6-b02b-c59a81bc864f.jpeg,4ed28ed2-fd1c-443a-8954-d49eb1296d46,86a41096-1a12-49f6-91bf-3e5befa2a64f.jpeg,9930bf70-52dd-4c0f-9bbe-361941890caf,b7d7c01e-38fa-47ad-85e0-ce617979cd43.jpeg,1,Light patchy burn pattern,,,,,1,4.37,1,25,74,0,0,0,0,1,0,100,1,55,4,0,15,40,1,3,Abigail
92_pre_SHA_burn3d,burn3d,Burnpro3d,SHA,Shaver Lake (SHA),pre,Prefire,92,CAFKU_0092_20240804_1,8/3/24,14:11,298009,4108311,26911,"12,28 east",11.3,16,44,TRUE,262,,,,,13,2.55,45e5f2f4-7eab-4f02-9983-c911198253e2,45f87fb8-6ee5-4445-8285-da616bf92331.jpeg,69f5f148-015e-41f3-9aa4-b85add847679,c1322be2-e7cd-46fe-a6ba-c44438e56b4d.jpeg,45eb1b99-9fdd-4519-b965-fda554dcb8f5,7abc825f-1841-4e4f-8c2d-288d7694b0ac.jpeg,116b87e2-dd89-42d3-bec8-c4075e5822fa,b8f780a3-9af8-4e18-81e0-ed16899b9f06.jpeg,1,Light patchy burn pattern,,,,,1,4.37,1,5,88,3,0,2,0,2,0,100,1,25,15,0,0,10,1,3,Abigail
10_post0_SDR_burn3d,burn3d,Burnpro3d,SDR,Sedgwick Reserve (SDR),post0,Postfire_imm,10,,,0:00,769901,3842767,26910,11.55,11.3,40,296,TRUE,493,,,,,38,9,,,,,,,,,,,,,,,1,,1,0,0,0,0,0,0,0,0,0,1,,,,,,1,,
89_pre_SHA_burn3d,burn3d,Burnpro3d,SHA,Shaver Lake (SHA),pre,Prefire,89,CAFKU_0089_20240803_1,8/3/24,11:02,298059,4108266,26911,"12,28 east",11.3,5,85,TRUE,251,,,,,8,8,3e9c36af-a129-45c2-8f0b-7051bea38a62,49f55b5b-6d06-46b8-9c19-9db61f000da8.jpeg,252fabcc-a0b0-4a96-a83f-6ba3fe983f88,18658f4a-7468-4d27-b86f-88adbc3b33ee.jpeg,35916c0a-368e-4218-baac-9e0920c36abe,ccf97da5-3a20-4dbb-8936-0dc740a0a8c3.jpeg,005d7ab7-cf6d-454b-bf98-2509f242ee15,e0830a9d-a563-4c71-acba-aa7545a9f861.jpeg,1,Light patchy burn pattern,,,,,1,4.37,1,2,96,0,0,0,0,2,0,100,1,70,35,0,2,45,1,3,Abigail
85_pre_SHA_burn3d,burn3d,Burnpro3d,SHA,Shaver Lake (SHA),pre,Prefire,85,CAFKU_0085_20240803_1,8/3/24,8:38,298004,4108219,26911,"12,28 east",11.3,34,52,TRUE,233,,,,,53,7.6,73984a6f-8170-46a6-a4c6-bc1fe262c0ac,7d2225c7-6cd6-4588-a515-5c4fe65da8ed.jpeg,f217dcce-bbfd-43ac-a311-53fcdff979f4,95898946-65ed-447f-aa19-ea2b098ae4fa.jpeg,78bd625f-8b0e-4c0d-82fd-08fdce220bb9,c5fcc360-e53a-462e-84a6-d01a6b70efa6.jpeg,0b4832a2-b98e-4cd1-8633-9cfee68501d9,18a92862-58de-4e3b-a1a0-f9d8f754b4c8.jpeg,1,Light patchy burn pattern,,,,,1,4.37,1,79,20,0,0,0,0,1,0,100,1,35,25,5,3,1,1,3,Abigail
106_pre_SHA_burn3d,burn3d,Burnpro3d,SHA,Shaver Lake (SHA),pre,Prefire,106,CAFKU_0106_20240802_1,8/2/24,13:27,297984,4108471,26911,12.28째E,11.3,24,66,TRUE,230,,,,,95,10,82f60fe1-afbc-4db8-8ad7-11426945c311,ba704d5d-80d8-4b0b-90f3-973bc4c2b1ba.jpeg,e4ce4f47-f366-424c-8f05-9f7ba8806779,1574ce89-908a-4b34-b1c9-c21fa81e15d5.jpeg,40365f21-292c-48f8-ba04-9f4a84c51f05,42c267a6-bf64-4995-8801-c85fe9d2c268.jpeg,f44588aa-3de0-4ecd-8460-294e23f9eda3,59ab08d3-2d57-4d0c-a990-1aafaa4e5d32.jpeg,3,Moderately burned,,,,,1,4.37,1,15,84,0,0,0,0,1,0,100,1,30,7,15,10,2,1,3,Abigail
101_pre_SHA_burn3d,burn3d,Burnpro3d,SHA,Shaver Lake (SHA),pre,Prefire,101,CAFKU_0101_20240802_1,8/2/24,9:20,298018,4108419,26911,12.28째E,11.3,25,89,TRUE,216,,,,,49,8,cb8fc265-ed9b-4679-80b9-b5026ecda4dd,e862cc90-a347-40fc-a307-5314fe3273d8.jpeg,64374222-1121-4872-bac8-5a7462daec6d,a5f78a75-9e38-4b78-ace7-f7be8ce8eb64.jpeg,046e07a3-02d9-4e43-9df7-6afb6e5c2f0b,59cd69f0-57d9-4412-a51f-d6d35e47d4ba.jpeg,f1f526c6-ed0c-4d7d-9dbf-e082b0f15b60,da31e727-5196-4a1a-9de1-190dcdf290bf.jpeg,1,Light patchy burn pattern,,,,,1,4.37,1,0,98,0,0,0,0,2,0,100,1,80,25,4,1,35,1,3,Abigail
59_pre_ind_burn3d,burn3d,Burnpro3d,ind,Independence Lake (IND),pre,Prefire,59,CATNF_6059_20240730_1,7/30/24,14:27,732772,4371203,26910,12.98째E,11.3,16,140,TRUE,125,,,,,3,6,fb20e5c0-a133-485c-b110-0d27b9b3bd89,353a2036-161d-44dc-afb6-a9543e3b1318.jpeg,9c81db1e-b143-4a25-8718-88b286f88e94,8c11e375-9306-4d53-a572-a566232d1b36.jpeg,e82893f7-9182-4d3a-9b41-253a908281b6,8892d276-748c-4d5f-a531-c60dc9428306.jpeg,6c5ef9a2-7306-4ae1-bf86-d6aa1adb6d6d,f3879b8b-c3c4-4d12-a7aa-0e1857a502fc.jpeg,1,Light patchy burn pattern,,,,,1,4.37,1,35,62,0,0,2,0,1,0,100,1,25,20,0,2,0,1,3,Abigail
58_pre_ind_burn3d,burn3d,Burnpro3d,ind,Independence Lake (IND),pre,Prefire,58,CATNF_6058_20240730_1,7/30/24,8:40,732906,4371380,26910,12.98째E,11.3,3,114,TRUE,115,,,,,81,2.63,ac8dd183-202d-46b7-ae58-d135d39aa8f8,0d9e1504-23b5-4291-aff4-8f9b82993400.jpeg,246d0e4a-8be5-4095-a54e-a659f2de4389,06f0860b-8041-4953-a99b-8522dc4508aa.jpeg,293f6a04-8a41-420b-b26d-fed4ce4547c5,98fe90af-7269-4ba6-9b1a-09c10a7ca51b.jpeg,c12e40c6-7431-4877-8c76-60a895de6b84,dd707157-0257-489d-a0d4-90f46f3a9ebb.jpeg,0,Unburned,,,,,1,4.37,1,10,83,0,0,1,1,5,0,100,1,60,15,0,8,15,1,3,Abigail
3_pre_SDR_burn3d,burn3d,Burnpro3d,SDR,Sedgwick Reserve (SDR),pre,Prefire,3,CASBC_0003_20240910_1.ptx,9/10/24,14:39,769905,3843067,26910,11.55,11.3,32,254,TRUE,442,,,,,85,9.5,003e87e9-3a49-45ed-926c-8a1e98eaf5c7,749fd939-1c54-492e-b8c2-0aec527f0b3c.jpeg,750715a3-2a67-4afd-8686-445378f74c6d,e98bf5d9-3352-4183-8811-375ca3dc747d.jpeg,521b0d71-922c-4737-bf40-0a3f89279db3,a575e9c6-3a28-4117-ab8e-2fecbdd8f067.jpeg,5e41ce0c-bb02-4435-b98c-66f25091b332,5029babe-f438-46fa-a1d6-915f0c36cb01.jpeg,0,Unburned,,,,,1,4.37,1,0,1,0,0,0,0,99,0,100,1,100,30,0,5,90,1,3,Abigail
2_pre_SDR_burn3d,burn3d,Burnpro3d,SDR,Sedgwick Reserve (SDR),pre,Prefire,2,CASBC_0002_20240910_1.ptx,9/10/24,11:43,769802,3843076,26910,11.55,11.3,49,267,TRUE,416,,,,,4,4,eda454b9-24e1-485c-a28a-685488ac73b1,ab27c228-264b-4067-9734-986452e3c6e9.jpeg,0727c66a-fd9f-4ecd-99bb-93b2e3bebfd6,e5bede8f-dcc1-48d0-b7bd-9c8d6fb266df.jpeg,697af0cd-10fe-4216-b6b7-c52f058d7c9e,311638e7-260f-4037-8e35-cecf7e7e9791.jpeg,ab88227c-8a45-4c09-ad79-03080ed2ffa0,9f822175-b252-44ef-a2f8-ab4f77aed0d9.jpeg,0,Unburned,,,,,1,4.37,1,55,5,0,0,0,0,40,0,100,1,96,50,0,20,90,1,3,Abigail
1_pre_SDR_burn3d,burn3d,Burnpro3d,SDR,Sedgwick Reserve (SDR),pre,Prefire,1,CASBC_0001_20240910_1.ptx,9/10/24,9:11,769852,3843103,26910,11.55,11.3,47,202,TRUE,412,,,,,125,9.3,7a838a4c-de57-4e3d-b56d-396fac8663ea,4eede60f-8b03-400f-a6a1-013ed11fd681.jpeg,0e7130d7-96ac-432a-9619-94d8083e46d0,6a2e7626-fac2-4506-a3a8-52750949292f.jpeg,6394f124-f353-4b7a-9512-6e1175ca65e0,fb5d0b75-ae4e-4301-9030-b8c41d1cdfbb.jpeg,27eacefb-c8ea-4fc7-8767-b72e415a1aca,f3faa4ba-c351-4685-b0e0-6c4316e3eb42.jpeg,0,Unburned,,,,,1,4.37,1,5,10,0,0,0,0,85,0,100,1,100,25,0,60,50,1,3,Abigail
20_pre_SDR_burn3d,burn3d,Burnpro3d,SDR,Sedgwick Reserve (SDR),pre,Prefire,20,CASBC_0020_20240914_1.ptx,9/14/24,11:45,770050,3842520,26910,11.55,11.3,39,152,TRUE,570,,,,,0,5.4,f1dced40-743a-4abb-8073-7064865073ea,831b550e-57b1-4153-9235-f0f0846e911a.jpeg,61fa0c90-bd83-45e7-8dd5-cbf4846779df,b87258d5-1583-4f4e-a0e2-134e46e65f86.jpeg,da3a46cc-241f-4444-9337-16b66eaa096c,ef6283a1-363f-4825-82e6-5c2d221f8c9d.jpeg,4165c5b9-cf21-4e11-be28-e5a0bf758aba,b1247ca5-03b0-4fd5-976e-c60b3ae757b7.jpeg,0,Unburned,,,,,1,4.37,1,1,5,0,0,0,1,93,0,100,1,100,50,0,20,90,1,3,Abigail
11_post0_SDR_burn3d,burn3d,Burnpro3d,SDR,Sedgwick Reserve (SDR),post0,Postfire_imm,11,,,0:00,770003,3842769,26910,11.55,11.3,43,229,TRUE,507,,,,,245,8.2,,,,,,,,,,,,,,,1,,1,0,0,0,0,0,0,0,0,0,1,,,,,,1,,
19_pre_SDR_burn3d,burn3d,Burnpro3d,SDR,Sedgwick Reserve (SDR),pre,Prefire,19,CASBC_0019_20240914_1.ptx,9/14/24,10:28,770002,3842568,26910,11.55,11.3,46,233,TRUE,562,,,,,125,11.3,265d1d43-95e1-4264-bc1e-79c5de6c0cfa,c9c08175-d6c1-47cd-be2b-153cdd248391.jpeg,e14725c1-5aea-43ba-b9b9-6a33addd792d,aabdeabd-c4af-4cf9-9e27-454a2f8162c4.jpeg,aea33cb3-8e0c-4599-998d-db76f0efcbfa,46d1ea7a-56fe-4ab5-9351-26e3b539aedb.jpeg,636410e7-9219-49ed-9f32-5c5046a49f43,c6f254d2-9bfa-499a-8e0b-cc6891a8bb7a.jpeg,0,Unburned,,,,,1,4.37,1,1,5,0,0,0,0,94,0,100,1,100,50,0,4,95,1,3,Abigail
10_pre_SDR_burn3d,burn3d,Burnpro3d,SDR,Sedgwick Reserve (SDR),pre,Prefire,10,CASBC_0010_20240912_1.ptx,9/12/24,13:35,769901,3842767,26910,11.55,11.3,40,296,TRUE,493,,,,,38,9,2fadbc63-b02a-49d1-b3e1-c784b3d26d36,52625ed2-89c8-40a0-9b4d-5a0e31e1ffc4.jpeg,ed526657-74d7-4858-8dfe-c0fe371500c7,97fb5540-0c5f-420a-9521-d22d497d27e7.jpeg,9c4ef2a7-9473-4d76-9a74-4b8d31d31a36,ee2512c6-ff69-4d93-9f63-a0c1d2b2460f.jpeg,31f14b18-9708-4833-907e-9ddad26732b7,90e890f4-7e11-40b9-9578-d27b8180b881.jpeg,0,Unburned,,,,,1,4.37,1,3,5,0,0,0,2,90,0,100,1,100,45,1,20,95,1,3,Abigail
18_pre_SDR_burn3d,burn3d,Burnpro3d,SDR,Sedgwick Reserve (SDR),pre,Prefire,18,CASBC_0018_20240914_1.ptx,9/14/24,9:26,770052,3842621,26910,11.55,11.3,37,251,TRUE,559,,,,,295,7.3,a9ee3654-c209-498f-84e0-3ec70ea605ef,bc24afda-f3a8-40d7-8fb6-bef23799200e.jpeg,2279a7fd-35ae-4a57-a387-eb0b335a991f,b38d5bf4-a7d7-493b-81dc-d9acbeaed8d7.jpeg,efe1533d-de89-4250-a909-44968f9e465e,d2209714-9e2d-46dc-8ff6-f2c697518d9e.jpeg,956b871c-ae91-4a3f-99a3-320040202a55,c1c03a68-0d3f-4512-99f5-ff96e2fa2826.jpeg,0,Unburned,,,,Inventory taken on Saturday September 14th ,1,4.37,1,6,20,0,0,0,0,74,0,100,1,100,20,0,70,50,1,3,Abigail
17_pre_SDR_burn3d,burn3d,Burnpro3d,SDR,Sedgwick Reserve (SDR),pre,Prefire,17,CASBC_0017_20240914_1.ptx,9/14/24,8:08,769953,3842616,26910,11.55,11.3,26,204,TRUE,549,,,,,74,9.9,43408758-d9b6-4bad-a383-ef7393f74a1b,97d3c0b2-d7f7-4184-9586-6b97faa149e6.jpeg,eb3533f9-6c87-4d26-956b-06120541aa97,85cb24d8-fd40-4ab0-b416-9d56264115b0.jpeg,d4f76f4d-a485-4ef8-83b5-e52518596990,e9a28c79-ebc2-4320-9381-7efc47fca90c.jpeg,bdd73056-9a45-409e-89e3-1ccacb7584aa,f3fc97f1-55c6-443d-9b4c-2b063db8c766.jpeg,0,Unburned,,,,,1,4.37,1,1,5,0,0,0,0,94,0,100,1,98,60,0,2,95,1,3,Abigail
16_pre_SDR_burn3d,burn3d,Burnpro3d,SDR,Sedgwick Reserve (SDR),pre,Prefire,16,CASBC_0016_20240913_1.ptx,9/13/24,15:09,770093,3842668,26910,11.55,11.3,19,240,TRUE,545,,,,,50,8.4,d1a4638d-9ed6-4b08-bf8e-4c5642606e89,448433d8-1b09-448e-ab44-2fab1a496ae8.jpeg,503a3865-9734-4f86-b433-eabef364b732,64cf0847-f4b5-49d6-b89b-a57b82b8a954.jpeg,60ad8ac4-4253-44e5-9cea-6409a0ec1246,908fb5ff-2c6e-4fdc-86e5-a810785d3d3e.jpeg,00e70797-61af-40ed-9a6f-72b1a3716194,a747c5df-e83f-4cc2-a905-f3de43da3f89.jpeg,0,Unburned,,,,,1,4.37,1,1,25,0,0,0,0,74,0,100,1,95,20,0,65,10,1,3,Abigail
15_pre_SDR_burn3d,burn3d,Burnpro3d,SDR,Sedgwick Reserve (SDR),pre,Prefire,15,CASBC_0015_20240913_1.ptx,9/13/24,14:18,770007,3842666,26910,11.55,11.3,16,245,TRUE,540,,,,,14,9.3,5d33bb73-0cd5-4f2a-a66f-4af25d5df292,5dc53ea0-1dd1-439c-8b35-8da9e10e5722.jpeg,80c430b5-0a8c-4ba7-91e3-a63e10853fdd,44905327-6d05-4ddb-acd0-4f5f8bf46045.jpeg,5b01701d-98dd-43e1-ac98-5130ed19722c,27878244-3520-4d5a-8068-e98fef1a140f.jpeg,d029e97d-3e8e-4c19-a973-ceedb329eb0e,9b54a0d5-b71d-4889-b158-831c9673183a.jpeg,0,Unburned,,,,,1,4.37,1,0,60,0,0,0,0,40,0,100,1,100,75,0,2,80,1,3,Abigail
14_pre_SDR_burn3d,burn3d,Burnpro3d,SDR,Sedgwick Reserve (SDR),pre,Prefire,14,CASBC_0014_20240913_1.ptx,9/13/24,12:52,769910,3842678,26910,11.55,11.3,15,238,TRUE,527,,,,,0,8.7,2aeac463-add0-4176-80bd-f10583e16114,1dccb734-237b-481c-b096-b273eb5eb2f6.jpeg,2ce15290-c9bd-4aa0-b43e-92e717ba78ae,c6cd821e-a78d-4c69-8343-68a703027d4c.jpeg,819980be-a4d4-41b8-a27d-e641a9a455a8,68a93e41-52c0-48fa-8593-2d4e9888d182.jpeg,a4b60220-751d-4a20-ab15-29ddfcdc1088,8579f816-495a-4a30-a39b-10ff9b7ed3c3.jpeg,0,Unburned,,,,,1,4.37,1,2,10,0,0,0,1,87,0,100,1,99,45,0,0,98,1,3,Abigail
13_pre_SDR_burn3d,burn3d,Burnpro3d,SDR,Sedgwick Reserve (SDR),pre,Prefire,13,CASBC_0013_20240913_1.ptx,9/13/24,10:47,770049,3842709,26910,11.55,11.3,56,292,TRUE,522,,,,,178,7,397f9581-43b4-489f-8208-7a3d70e692d9,0ad90854-b7cf-4b8c-8673-71fe52e41110.jpeg,e9fafb58-57e8-4ca8-b1dd-a298417d3717,8bbcd34b-e536-4197-9d1d-96585ce49333.jpeg,c9699639-f442-4c38-b75b-aa5475f865a2,a92eab50-afd0-4e2f-b2b9-d70c1b63295f.jpeg,f4d311a2-a887-4961-a050-ad72d1ec71b7,fb7b5992-6c3e-45d8-bd49-55f312e54973.jpeg,0,Unburned,,,,,1,4.37,1,5,2,0,0,0,1,92,0,100,1,100,8,0,75,60,1,3,Abigail
12_pre_SDR_burn3d,burn3d,Burnpro3d,SDR,Sedgwick Reserve (SDR),pre,Prefire,12,CASBC_0012_20240913_1.ptx,9/13/24,9:26,769947,3842711,26910,11.55,11.3,27,228,TRUE,511,,,,,173,11.3,545e1ee7-861a-4d33-a288-12f8a6308636,f8601451-8c30-418d-bb15-14fa711fbcf6.jpeg,ddd17f60-17c4-4c9c-8a9e-610b241e194d,d5a118b8-a7be-420a-aa9f-b58209b6ad48.jpeg,9ad620bf-f247-4519-9802-ed3459e5013a,2009cda1-ce72-4151-bca1-8b320df55a67.jpeg,0b41eefe-0c89-4c9e-8ee4-c10c6274f55d,b6d9615d-8100-4010-a6ae-32bccc15ae73.jpeg,0,Unburned,,,,,1,4.37,1,0,50,0,0,0,0,50,0,100,1,100,50,0,50,40,1,3,Abigail
11_pre_SDR_burn3d,burn3d,Burnpro3d,SDR,Sedgwick Reserve (SDR),pre,Prefire,11,CASBC_0011_20240913_1.ptx,9/13/24,8:15,770003,3842769,26910,11.55,11.3,43,229,TRUE,507,,,,,245,8.2,79e00cf5-984b-42b4-bcaa-4719bfdcb311,53ce201a-48bb-45b5-9de0-f70e2098b148.jpeg,784ca5dd-31ef-4879-9890-6a6771efddf7,ba0b83e1-1bd2-45fc-af10-aace1457de6a.jpeg,b5bca7e4-8d9e-4c30-99b0-ec5a53a6eeb7,184a2f22-7739-45ca-841a-cf9a9a0d1ac2.jpeg,40f06e85-b993-45a7-ad50-f6b53429740d,2b96b29b-72b0-4289-be29-500c940c67b6.jpeg,0,Unburned,,,,,1,4.37,1,0,30,0,0,0,0,70,0,100,1,99,35,0,60,25,1,3,Abigail
12_post0_SDR_burn3d,burn3d,Burnpro3d,SDR,Sedgwick Reserve (SDR),post0,Postfire_imm,12,,,0:00,769947,3842711,26910,11.55,11.3,27,228,TRUE,511,,,,,173,11.3,,,,,,,,,,,,,,,1,,1,0,0,0,0,0,0,0,0,0,1,,,,,,1,,
9_pre_SDR_burn3d,burn3d,Burnpro3d,SDR,Sedgwick Reserve (SDR),pre,Prefire,9,CASBC_0009_20240911_1.ptx,9/11/24,15:12,769928,3842819,26910,11.55,11.3,43,288,TRUE,487,,,,,214,7.9,487eb3ee-bdb2-47c1-bd5c-1eab79d4b92a,034d2f33-fd7a-4155-983c-cfadcb07d921.jpeg,bbbcb7df-3d8e-4962-a65d-0c11653f211e,dcc49731-ac05-4630-a409-0df241d067e3.jpeg,717a7b34-e059-41ad-9b04-cd42792f0cff,720b9f60-f7d4-4738-884c-a7480bb86e27.jpeg,5c4bb8dc-d17e-4c02-820d-71f084484c39,1ed67fce-020d-46eb-92ef-05ef898cdb13.jpeg,0,Unburned,,,,,1,4.37,1,0,8,0,0,0,0,92,0,100,1,100,40,0,40,90,1,3,Abigail
8_pre_SDR_burn3d,burn3d,Burnpro3d,SDR,Sedgwick Reserve (SDR),pre,Prefire,8,CASBC_0008_20240911_1.ptx,9/11/24,14:06,769903,3842867,26910,11.55,11.3,39,305,TRUE,476,,,,,83,2.9,30581a07-6ea9-452b-8a56-b03a1ee829d7,aee65ad4-16fb-4b5a-8b24-0fb837e985d9.jpeg,b3d2cba7-f994-425f-baa0-2aac870fde70,603ca129-422e-41dd-a9e7-fbd7e65e5fef.jpeg,3c0fc2a5-067a-4847-800f-347fc296d8a2,51a6ca12-b729-49aa-807e-3bdac835495e.jpeg,f518caed-2b21-4f1f-bd7f-e065f249a480,7bfeb4c3-0ee4-46ea-97b0-34531a190f57.jpeg,0,Unburned,,,,,1,4.37,1,1,5,0,0,0,0,94,0,100,1,100,40,0,10,95,1,3,Abigail
7_pre_SDR_burn3d,burn3d,Burnpro3d,SDR,Sedgwick Reserve (SDR),pre,Prefire,7,CASBC_0007_20240911_1.ptx,9/11/24,12:58,769967,3842883,26910,11.55,11.3,46,249,TRUE,468,,,,,16,5,c39b834c-3d00-4283-a7dc-4b53321b685e,95689d00-b9f6-4bd3-b8f8-2c1adc83cfe9.jpeg,475182c7-c07d-4437-ab02-070f37284560,1e2bc4b1-b449-4e5d-ae72-f4b4344c12d5.jpeg,c9651332-4e1f-487f-bb03-ef59c8ae74f0,41ed3f80-d8a9-45c5-a477-f3ab5e9d960a.jpeg,39f97f99-9e0f-487c-ba20-a1873fe2bbbb,839bd564-94d8-42d8-a7fd-56ab4970766c.jpeg,0,Unburned,,,,,1,4.37,1,3,5,0,0,0,0,92,0,100,1,100,25,0,5,100,1,3,Abigail
6_pre_SDR_burn3d,burn3d,Burnpro3d,SDR,Sedgwick Reserve (SDR),pre,Prefire,6,CASBC_0006_20240911_1.ptx,9/11/24,10:49,769889,3842961,26910,11.55,11.3,32,210,TRUE,464,,,,,298,3.2,fa4e38d1-251e-400d-9ca9-74193974f5c9,266effd8-f388-4958-aabf-87360094fb66.jpeg,9c224cd6-073f-4845-a872-69503ad7c0c4,ceccf432-63a8-45b1-b3e3-5465dafb1f17.jpeg,c2ca866a-699b-44ce-bc9f-e6b634a6c9c4,12b357b9-59d4-425c-a199-f6c7c00d5ff8.jpeg,142c1c6e-6913-4250-afe5-7893a245ebc5,64de52c5-1152-4580-a4af-20dbd57ad9ca.jpeg,0,Unburned,,,,,1,4.37,1,1,20,0,0,0,0,79,0,100,1,45,15,0,30,40,1,3,Abigail
5_pre_SDR_burn3d,burn3d,Burnpro3d,SDR,Sedgwick Reserve (SDR),pre,Prefire,5,CASBC_0005_20240911_1.ptx,9/11/24,9:27,769935,3842989,26910,11.55,11.3,35,235,TRUE,457,,,,,156,9.9,f0bb4281-a056-4faf-833e-0d3e34ea4bfc,415c2ac0-0aa6-4901-a7a9-30c75f05782e.jpeg,f5ff582a-cc6a-4ada-aae8-b2a23a9bbcc0,e24ba726-e089-403b-8a91-8e130b383861.jpeg,04cb6f04-e386-4c05-82cf-fdcba0948376,c395e57b-2076-490e-838b-9f5a5bfadf72.jpeg,941c07b1-b05b-4020-b830-a7ac4f79ad6b,cf847c2e-f484-4b3b-956e-d22efade38e7.jpeg,0,Unburned,,,,,1,4.37,1,3,10,0,0,0,0,87,0,100,1,85,15,0,75,25,1,3,Abigail
4_pre_SDR_burn3d,burn3d,Burnpro3d,SDR,Sedgwick Reserve (SDR),pre,Prefire,4,CASBC_0004_20240911_1.ptx,9/11/24,8:18,769844,3843015,26910,11.55,11.3,14,108,TRUE,453,,,,,86,5.2,b249ca9c-cd08-4c1c-818d-13628c487c0c,223565ee-4897-4a37-a0b4-ee7f26154d99.jpeg,9d10dec6-3a5c-416a-b1e0-3ea75908e15f,4b0f371f-2c2f-4768-b6ef-86d467b83b62.jpeg,243a6507-e6fd-4a93-9741-ca63592bb93b,dee4e73f-9ae2-4198-b96c-c406aca168a4.jpeg,5989e218-3926-4a1a-bf52-a2eb53abeede,4c269a1c-70b7-4880-8b77-c10ca8c11a0a.jpeg,0,Unburned,,,,,1,4.37,1,0,5,0,0,0,0,95,0,100,1,100,60,0,1,0,1,3,Abigail
10_pre_tcu_burn3d,burn3d,Burnpro3d,tcu,Calaveras Big Trees State Park,pre,Prefire,10,CATCU_0010_20240925_1.ptx,9/25/24,14:52,743434,4237890,26910,12.77,11.3,13,325,TRUE,826,,,,,32,6.05,ff1ea79e-cae2-4cca-b90a-6eedec6ab4b4,d612cdb9-5013-4dce-a5c3-64ae9b4f060c.jpeg,c7164af6-2c3c-469b-b7e2-c54ba3900585,25317313-c117-4001-8bd4-dd916ed19496.jpeg,c62963a1-c0da-4886-afc3-95bdc5e0c801,af85b410-1fb7-4079-bd1b-5c28ead233ca.jpeg,1526644b-9340-456d-81e1-0db69813f14f,45c1917f-c7b2-4839-85b8-3e7b07650113.jpeg,0,Unburned,,,,,1,4.37,1,0,87,0,0,1,2,8,2,100,1,70,50,30,10,1,1,3,Abigail
12_pre_tcu_burn3d,burn3d,Burnpro3d,tcu,Calaveras Big Trees State Park,pre,Prefire,12,CATCU_0012_20240927_1.ptx,9/27/24,11:29,743038,4237806,26910,12.77,11.3,35,317,TRUE,880,,,,,9,7.5,0fa219ac-53c9-46a4-963e-632a8a807dbc,5e4f2b7c-7f04-471c-ab2c-74c06d7fa08a.jpeg,16f7ff2f-3605-4cea-9be5-872427e53a15,18f81cfb-b0e5-4630-a9cb-e09a17a23cdd.jpeg,7c916641-388d-4eee-bdfb-5e635c0fec27,70c99c8c-f632-4aae-8256-b94f721a68b8.jpeg,9f9620c7-37f6-4a89-a993-94e508bef08e,5d6e2e5a-0ae1-425d-94e9-32e4c6e30883.jpeg,0,Unburned,,,,,1,4.37,1,0,92,0,0,0,5,3,0,100,1,60,35,30,0,0,1,3,Abigail
14_pre_tcu_burn3d,burn3d,Burnpro3d,tcu,Calaveras Big Trees State Park,pre,Prefire,14,CATCU_0014_20240928_1.ptx,9/28/24,9:13,743202,4237814,26910,12.77,11.3,31,295,TRUE,901,,,,,22,7,77fb84a3-9156-488f-9ab1-a7c470e48adb,6a4030ac-1685-4f23-96c7-4e2346fbab8f.jpeg,d0b1fb3b-5003-4879-8411-e55dc28d075e,d85c0261-f3b6-4ae9-a836-d240441e72cb.jpeg,be783add-b144-498d-bc8c-e9760ac62c66,cd7dfc7a-4e1b-444d-a329-0f924543497c.jpeg,06731be4-6f09-4ff7-a01e-7faaf5aa8eba,d0b5e4bb-8801-40d4-9e62-9173474369fc.jpeg,0,Unburned,,,,,1,4.37,1,0,89,0,0,0,1,2,8,100,1,60,60,2,1,5,1,2,Josh
15_pre_tcu_burn3d,burn3d,Burnpro3d,tcu,Calaveras Big Trees State Park,pre,Prefire,15,CATCU_0015_20240928_1.ptx,9/28/24,11:04,743276,4237813,26910,12.77,11.3,27,249,TRUE,912,,,,,45,11.2,8ad941a8-2ad1-420f-a9ae-873569ed1602,61c53ac9-8b46-443a-8e2f-45aa32e43ea7.jpeg,8474273d-78d4-44fa-bcf2-bb15b3cd27de,5d26e8e8-a8a5-4ff3-ba6e-dfa98d6d9c1c.jpeg,fc3f59a0-933b-489a-a885-7a11cac179f5,63026e19-c064-45b2-b25c-334b3df6e846.jpeg,d2c181bc-bff8-479a-9d85-3422d8bbbc03,53be07e2-4baa-488d-add6-be247fce8b64.jpeg,0,Unburned,,,,,1,4.37,1,4,86,0,0,5,0,2,3,100,1,45,20,0,25,0,1,3,Abigail
13_post0_SDR_burn3d,burn3d,Burnpro3d,SDR,Sedgwick Reserve (SDR),post0,Postfire_imm,13,,,0:00,770049,3842709,26910,11.55,11.3,56,292,TRUE,522,,,,,178,7,,,,,,,,,,,,,,,1,,1,0,0,0,0,0,0,0,0,0,1,,,,,,1,,
19_pre_tcu_burn3d,burn3d,Burnpro3d,tcu,Calaveras Big Trees State Park,pre,Prefire,19,CATCU_0019_20240928_1.ptx,9/28/24,13:25,743191,4237736,26910,12.77,11.3,31,310,TRUE,926,,,,,17,10.6,1dd96f8c-d330-497f-b2af-a6b23cf059df,aba3632a-f817-485b-9c99-9ca10324d122.jpeg,de791044-9b08-4f39-91ba-32ad09b97c1a,aed4339e-ad69-41c4-8c62-9771547f7fe1.jpeg,25d98ed8-f436-496d-8d5d-015a31cf349e,b6ef7cd1-2c86-49b7-a2fc-3c781d82bca0.jpeg,edd8acc9-e857-4936-ac5b-75ba0ce47c84,eba8c8a5-85a8-432d-8cc3-b132e28a36de.jpeg,0,Unburned,,,,"Discrepancy between how to measure fuels discovered. Up until this plot, for all of Calaveras plots, duff was Included in total fuel bed heights. From this plot onwards, duff will not be added to fuelbed measurements. Litter will be added to fuelbed, but not duff.",1,4.37,1,0,94,0,0,0,0,1,5,100,1,50,30,0,10,0,1,3,Abigail
18_pre_tcu_burn3d,burn3d,Burnpro3d,tcu,Calaveras Big Trees State Park,pre,Prefire,18,CATCU_0018_20240928_1.ptx,9/28/24,15:08,743191,4237736,26910,12.77,11.3,24,307,TRUE,941,,,,,14,4.2,89c1f38d-3312-4684-85ff-1f7d014064d6,78c2d501-95f6-4428-8d51-e82d2fe00cc8.jpeg,ac21d3a2-df81-4c7f-947e-1c488d74ef5d,01fa1f40-e1e0-403d-b4d3-041931a68596.jpeg,54663562-da39-462c-b670-af6bc32aac31,7f2a30cc-a9f1-4eab-bf8a-f533fea25820.jpeg,ed48381b-0db4-4e44-9c12-16f2ba6b9683,1b944de8-1bc0-46cd-baa1-3b03d8006028.jpeg,0,Unburned,,,,,1,4.37,1,0,92,0,0,1,0,2,5,100,1,70,30,0,40,0,1,3,Abigail
21_pre_tcu_burn3d,burn3d,Burnpro3d,tcu,Calaveras Big Trees State Park,pre,Prefire,21,CATCU_0021_20240929_1.ptx,9/29/24,15:35,743048,4237649,26910,12.77,11.3,28,308,TRUE,972,,,,,44,2.3,dbbb7438-848e-46b0-9567-2c64ce951e34,7d510607-25f7-44d1-b28f-143a7a5b9135.jpeg,6dbd4621-c9f3-41ee-bf9b-55c5c395a28f,65885548-27b9-4536-a7da-4a790fff8c53.jpeg,c3521a0b-d640-44e4-b3a3-c9873fd94801,eef75961-f82c-42f3-9745-0e478d46b5c7.jpeg,90bb0026-dc28-4e3f-95a0-5fb46ce84a3b,e9f2bd9c-3cd1-4124-933b-3d6c06696492.jpeg,0,Unburned,,,,,1,4.37,1,0,97,0,0,0,2,1,0,100,1,40,20,5,15,0,1,2,Josh
16_pre_tcu_burn3d,burn3d,Burnpro3d,tcu,Calaveras Big Trees State Park,pre,Prefire,16,CATCU_0016_20240929_1.ptx,9/29/24,13:00,742963,4237727,26910,12.77,11.3,31,295,TRUE,962,,,,,58,11.2,cbd67561-2ddd-483f-9571-ebfee1c72b50,d6415947-1bda-47ae-bc41-6447d1e0c2b2.jpeg,c57bcde6-8788-4761-bf76-e36c8d066e66,ec7fe8db-78fb-47be-9621-98aa4e78710c.jpeg,5c5a19f4-2ff9-4b53-9e65-53dfb6f99f3d,f2ba6aac-6a28-4606-b3e1-5e32151f7749.jpeg,510e43c3-efa5-49bb-a7b9-bc0df7a2a2c0,bcb7f973-916c-4175-8545-2e5a7b04b151.jpeg,0,Unburned,,,,,1,4.37,1,0,89,0,0,0,10,1,0,100,1,35,35,0,0,0,1,2,Josh
17_pre_tcu_burn3d,burn3d,Burnpro3d,tcu,Calaveras Big Trees State Park,pre,Prefire,17,CATCU_0017_20240929_1.ptx,9/29/24,10:11,743045,4237729,26910,12.77,11.3,27,292,TRUE,956,,,,,31,5.55,a3678ec2-2e0c-4851-9a0b-69d89ecdbb4b,d50773e6-7091-4734-a070-a91dc975036c.jpeg,2ea06671-8bd4-4e5a-bec8-dcb8cba2bec4,d9e55e31-10a6-48fc-b7a5-b563af567a68.jpeg,df35db55-5bde-4c34-b5be-a8fb3183c3d3,e5d00518-55cc-45a4-b08a-583ba05c9d37.jpeg,8c70c978-405a-406f-82bf-e53e3531728c,7d5c82a6-4fe9-4817-841a-476f87e82f03.jpeg,0,Unburned,,,,,1,4.37,1,0,94,0,0,0,5,1,0,100,1,26,25,1,0,0,1,2,Josh
1_pre_tcu_burn3d,burn3d,Burnpro3d,tcu,Calaveras Big Trees State Park,pre,Prefire,1,CATCU_0001_20240923_1.ptx,9/24/24,4:00,743116,4237986,26910,12.47,11.3,31,284,TRUE,682,,,,,15,9.8,5f432fdc-e33d-4cc3-9f9d-0e14073dc5eb,998a2ba4-9adc-4b44-afa9-9a6eb5f7ac3f.jpeg,3929e2b9-7763-472b-a25c-1c9a34b49080,75fbae46-2df7-46a8-8a94-e5ecf3914074.jpeg,babd2119-66b6-4060-b0ed-7d56206d247b,026c5079-342a-435d-8f12-0bc77d8b1e40.jpeg,818db1a6-d672-4082-81aa-6a3c22fa4d25,e39f57cc-8b6a-458b-b5ad-ec0310f2ea53.jpeg,0,Unburned,,,,,1,4.37,1,0,94,0,0,0,3,3,0,100,1,65,50,15,5,5,1,3,Abigail
13_pre_tcu_burn3d,burn3d,Burnpro3d,tcu,Calaveras Big Trees State Park,pre,Prefire,13,CATCU_0013_20240927_1.ptx,9/27/24,14:19,743123,4237823,26910,12.77,11.3,35,320,TRUE,890,,,,,356,10,06a1ef74-ce7e-4cee-91ef-8aa9e326bb14,699c1c14-720c-4773-9f97-3d7a79a88311.jpeg,7d59c322-304b-49c2-8393-33a910ba9312,a762922b-178d-4eb0-b419-2cabe7ebc09e.jpeg,8f95b534-d364-4352-87c5-1cf67e72bb75,d1c20d01-1cf6-4f92-a0c6-7c8f8c38d8dd.jpeg,af2f4335-f8f8-4193-81be-f3984e626b6b,8860ddca-f745-4139-9911-320af3358915.jpeg,0,Unburned,,,,,1,4.37,1,1,92,0,0,0,2,5,0,100,1,93,50,60,3,3,1,3,Abigail
11_pre_tcu_burn3d,burn3d,Burnpro3d,tcu,Calaveras Big Trees State Park,pre,Prefire,11,CATCU_0011_20240927_1.ptx,9/27/24,8:57,742965,4237803,26910,12.77,11.3,43,325,TRUE,872,,,,,125,5.7,df4f0950-352a-4a99-87da-e39bfe754ca8,2eea1f12-7cd4-4a6f-99a5-98caf51dd657.jpeg,b8651da6-ff2d-4a75-80c6-afa199f695bc,285c8ff3-00ae-437b-a52e-b04014139a41.jpeg,a1b3f81e-92ff-4329-8198-33e0a0ef8795,c24a86d4-2778-4784-832d-791ad8bc9def.jpeg,3c43e249-cd2c-41cb-828b-23497b56e1c3,bc9df052-a6c1-442f-a138-8a82dcebee9c.jpeg,0,Unburned,,,,,1,4.37,1,1,93,0,0,0,5,1,0,100,1,30,18,5,20,0,1,3,Abigail
9_pre_tcu_burn3d,burn3d,Burnpro3d,tcu,Calaveras Big Trees State Park,pre,Prefire,9,CATCU_0009_20240926_1.ptx,9/26/24,15:29,743354,4237892,26910,12.77,11.3,35,332,TRUE,862,,,,,30,4.3,23ce08fe-2108-448a-87a2-1a6c75a7de20,ef5aed82-77e2-4281-a762-e07189bea6c8.jpeg,cd3a32fd-27a6-4a06-8fc3-c9f477224a68,d2cd3d25-a61c-465d-8259-ea9ae61c9002.jpeg,318179cd-0337-4a8c-994e-8567f989ae2d,fd53dd13-5f8f-4a14-8e06-a913e79f03dd.jpeg,76ad9044-b343-4994-83fe-07568d338daf,2014c153-6f90-4181-90ec-8ccb0df7a8d9.jpeg,0,Unburned,,,,,1,4.37,1,2,91,0,0,0,5,2,0,100,1,60,55,5,0,2,1,3,Abigail
8_pre_tcu_burn3d,burn3d,Burnpro3d,tcu,Calaveras Big Trees State Park,pre,Prefire,8,CATCU_0008_20240926_1.ptx,9/26/24,13:40,743283,4237890,26910,12.77,11.3,35,340,TRUE,851,,,,,18,8.75,9cdfc05e-c1f4-4442-bc32-6b062cbe4cb2,dec396f7-c9c4-441a-8f15-a0b063cdab20.jpeg,1362c85f-2239-4400-a11a-9978ee1bf77a,8e2ca37b-0d9f-4b53-8ca2-b014bdb14345.jpeg,d851505b-cd63-4e30-b502-8ba277e325ab,0960390a-6443-4490-81b5-084667a8793f.jpeg,f3d31e0e-5976-4328-84c8-b0de34ba10ae,bf15b9aa-8310-4b22-92ba-76bd1c73b0a2.jpeg,0,Unburned,,,,,1,4.37,1,0,92,0,0,0,2,2,4,100,1,25,25,0,0,0,1,3,Abigail
7_pre_tcu_burn3d,burn3d,Burnpro3d,tcu,Calaveras Big Trees State Park,pre,Prefire,7,CATCU_0007_20240926_1.ptx,9/26/24,11:14,743192,4237894,26910,12.77,11.3,33,310,TRUE,842,,,,,47,11.3,a74d8725-d535-4ade-9025-3ad957169d18,ec6ef9b7-0217-47c7-8418-ae8386274093.jpeg,6367043b-b0ef-447a-82ec-d9ea623e2086,e4009121-0569-4a1e-9f26-c20f89aadeba.jpeg,ec50f956-325b-42c0-971e-30ec240ccd3a,f4531618-df99-428c-96b2-b6f3d636c904.jpeg,d6bb4476-c4ad-4a27-ae5d-7344b6b945d6,ba557452-55b1-45c8-a99e-3844d3e2b065.jpeg,0,Unburned,,,,,1,4.37,1,0,95,0,0,0,2,3,0,100,1,75,50,15,0,10,1,3,Abigail
6_pre_tcu_burn3d,burn3d,Burnpro3d,tcu,Calaveras Big Trees State Park,pre,Prefire,6,CATCU_0006_20240926_1.ptx,9/26/24,9:28,743130,4237897,26910,12.77,11.3,39,291,TRUE,837,,,,,39,5.8,947e644d-e841-4337-9a79-837256459224,64ca5f42-88e2-4bd2-a13b-4d8890e3e95a.jpeg,933e7247-4df4-4417-9621-1233e66e9ab6,c61036ed-7899-430d-a34f-5d5e287aed6f.jpeg,b5f543ab-4311-47e7-998a-969086d71154,de8d3d64-6446-47eb-b6b4-38db8d1def9e.jpeg,65974e98-2f89-47a7-bf2d-3923b9579b1d,96d9c997-ef7f-4311-be66-4e7729825dd8.jpeg,0,Unburned,,,,,1,4.37,1,0,88,0,0,10,2,0,0,100,1,90,40,10,30,5,1,3,Abigail
5_pre_tcu_burn3d,burn3d,Burnpro3d,tcu,Calaveras Big Trees State Park,pre,Prefire,5,CATCU_0005_20240925_1.ptx,9/25/24,13:00,743429,4237971,26910,12.77,11.3,13,292,TRUE,812,,,,,46,2.7,9b1f16d7-056d-4728-9574-1d8d16ab55ef,3e18c3fb-bf54-4d0f-90d0-558cfbd5684b.jpeg,726aa7f3-9a9b-4a49-a92f-f2da39527a44,e93ea6e3-6adb-439e-b2bb-8be12bd28579.jpeg,a96f5b50-4cc2-4d52-9819-36aaecae0f99,34a53992-3b6a-46a8-9784-91b706533da2.jpeg,6093637c-b2b4-46ff-8cb6-1dec2da19688,73c2f845-bc54-41b6-8447-356752808862.jpeg,0,Unburned,,,,,1,4.37,1,0,86,0,0,0,5,2,7,100,1,25,24,1,0,0,1,3,Abigail
4_pre_tcu_burn3d,burn3d,Burnpro3d,tcu,Calaveras Big Trees State Park,pre,Prefire,4,CATCU_0004_20240925_1.ptx,9/25/24,10:30,743352,4237965,26910,12.77,11.3,35,285,TRUE,27,,,,,23,9.5,455c62c6-500b-4bc2-83d9-eb0191de5742,95d0de25-385f-478e-ad59-925cb7fa3fa5.jpeg,da760c4a-d4e7-43ca-a9fd-c2722e4b8cf8,7b78c360-0554-42d8-9e50-cfb157e15369.jpeg,2a366219-3a04-4846-bd04-b2e495b56e71,833871cc-9d00-439a-baaf-c9fd0df24542.jpeg,a5c39e7e-1cdf-4d02-b845-6c05c925182f,aa65e9e5-4d96-4742-8689-ed114b5000a2.jpeg,0,Unburned,,,,,1,4.37,1,0,88,0,0,0,10,2,0,100,1,30,15,15,1,0,1,3,Abigail
3_pre_tcu_burn3d,burn3d,Burnpro3d,tcu,Calaveras Big Trees State Park,pre,Prefire,3,CATCU_0003_20240924_1.ptx,9/24/24,2:07,743279,4237992,26910,12.77,11.3,19,282,TRUE,591,,,,,24,3.7,3355f64b-3506-48d2-88f7-b67f6f7b7194,8d1d6e65-b649-4eac-9102-2c32c954f11d.jpeg,1b624918-bf5d-4253-aee5-575c182512e9,4e1ef777-09df-4624-8fba-d78f0179257d.jpeg,60786b33-b5cc-4d63-858d-5f7e7cb3316b,626873c5-a336-4cd5-9645-4f3ef1a94fc7.jpeg,b10d0025-3d61-427b-977b-3b8e036f4004,dc3b67e2-8d63-4ea5-a88f-f785bcbb83fb.jpeg,0,Unburned,,,,,1,4.37,1,0,88,0,0,0,4,8,0,100,1,80,25,25,45,5,1,3,Abigail
2_pre_tcu_burn3d,burn3d,Burnpro3d,tcu,Calaveras Big Trees State Park,pre,Prefire,2,CATCU_0002_20240924_1.ptx,9/25/24,11:33,743196,4237971,26910,12.71,11.3,24,279,TRUE,585,,,,,22,1.8,77939cf0-489d-4e49-a266-77f47673ec6d,03535ef5-2689-4008-9dfc-bb2001243d22.jpeg,bf00640a-02d7-424a-a9a3-54ed79a9ce98,b49f44f4-f713-498d-ad76-26fbc303e37a.jpeg,471d7acb-0a0e-4229-99f4-0027c936ed7c,57984e21-f5a6-4914-bac8-bb979a51fcd8.jpeg,ba6b8ecf-cc2b-4017-acfb-b409c6cca635,1ad66c8a-75c5-4015-8728-408a22026be6.jpeg,0,Unburned,,,,,1,4.37,1,0,90,0,0,0,2,8,0,100,1,95,28,2,40,70,1,3,Abigail
23_pre_win_burn3d,burn3d,Burnpro3d,win,Winton-Schaads VMP (WIN),pre,Prefire,23,CATCU_0123_20241013_1.ptx,10/13/24,11:27,719767,4255998,26910,12.76,11.3,49,123,TRUE,210,,,,,88,11.3,b384e9f8-9701-4cb2-a87b-8d0769e60a27,317067bb-8f7b-43b7-a49c-d760ab963cf7.jpeg,aae641ce-7df2-426a-9b0c-bf91189238ce,59d10e38-20df-434e-818f-3920d3784825.jpeg,c5a9044f-83ca-450f-bc40-958be95687ac,76e2872f-8bfc-4d92-87f2-270098b2b65a.jpeg,89b21566-3d5e-41d8-8ba3-bfac94884c79,56eeefbf-5897-4e35-96e1-c6e34eef0c7b.jpeg,0,Unburned,,,,,1,4.37,1,0,80,0,0,15,0,5,0,100,1,100,30,4,60,0,1,3,Abigail
24_pre_win_burn3d,burn3d,Burnpro3d,win,Winton-Schaads VMP (WIN),pre,Prefire,24,CATCU_0124_20241013_1.ptx,10/13/24,10:03,719682,4255916,26910,12.76,11.3,39,200,TRUE,794,,,,,33,11.05,fc60e0bf-092b-4413-a3ef-2c653a57fa96,c861214d-54bb-42b3-9586-1b21c50ec2a8.jpeg,932d18a2-4edf-4e38-9b9d-a3d471e10c10,9b1173ac-db03-4a2e-bc39-6ff42daf0318.jpeg,af5964ac-f513-4a92-802d-bd6f1f462254,525e6ac3-641a-40ec-8413-d07455278efb.jpeg,8c3c0702-fb6e-4e88-9823-4a610140226c,e88017c9-a11f-4020-a404-07c82e916b0d.jpeg,0,Unburned,,,,,1,4.37,1,1,93,0,0,0,0,1,5,100,1,95,35,0,75,0,1,3,Abigail
25_pre_win_burn3d,burn3d,Burnpro3d,win,Winton-Schaads VMP (WIN),pre,Prefire,25,CATCU_0125_20241013_1.ptx,10/13/24,8:08,719619,4255845,26910,12.76,11.3,31,154,TRUE,774,,,,,4,10.6,6db93dfa-bfbd-4172-97f0-a0cfc42800d9,bd8932f6-25ed-47d1-8b48-87f64fed1989.jpeg,064f950b-bebd-4fed-942f-8b8e6a4bc526,c4092c4d-a70f-420f-9f8a-26e17a3a037d.jpeg,a1cb4461-38db-4d8d-908b-12a9f7e9ec6a,4a5392b3-6487-4f97-acfd-134b3f7d4e03.jpeg,81cb4e19-e8a0-4804-b7c1-0c5a88c819c0,936484e5-1fb6-4809-b8f1-1729504b45cd.jpeg,0,Unburned,,,,,1,4.37,1,0,94,0,0,3,2,1,0,100,1,70,60,8,3,5,1,3,Abigail
18_pre_win_burn3d,burn3d,Burnpro3d,win,Winton-Schaads VMP (WIN),pre,Prefire,18,CATCU_0118_20241012_1.ptx,10/12/24,15:28,719846,4256242,26910,12.76,11.3,38,156,TRUE,768,,,,,13,5.5,de785067-ddb3-477c-84ed-f57d7211fa93,9ad23606-15df-449f-9d58-9c74b02266e8.jpeg,001e063a-cef0-4fde-a70b-d5ea6e3095ab,3b18509a-5c10-4f2d-9430-213aedc799cc.jpeg,5a7b3072-01c8-44c1-bfd5-b385d50e4255,ced90ccc-a4ad-41e2-824e-073a100cc3fa.jpeg,c9b432fe-09d2-428f-bae7-0a2ed4a88160,a6e3b4ad-ea9c-4e5a-a8eb-a964b2b8971b.jpeg,0,Unburned,,,,,1,4.37,1,0,93,0,0,0,2,5,0,100,1,90,50,8,70,15,1,3,Abigail
14_post0_SDR_burn3d,burn3d,Burnpro3d,SDR,Sedgwick Reserve (SDR),post0,Postfire_imm,14,,,0:00,769910,3842678,26910,11.55,11.3,15,238,TRUE,527,,,,,0,8.7,,,,,,,,,,,,,,,1,,1,0,0,0,0,0,0,0,0,0,1,,,,,,1,,
20_pre_win_burn3d,burn3d,Burnpro3d,win,Winton-Schaads VMP (WIN),pre,Prefire,20,CATCU_0120_20241012_1.ptx,10/12/24,13:54,719768,4256141,26910,12.76,11.3,45,139,TRUE,753,,,,,22,10.7,79474a8c-4f6a-421c-9594-b42bd7a4a6d7,6186d06e-2987-4f49-b85c-21ab8cc08b34.jpeg,3ac335a3-e64e-42d2-9388-22de66c80998,e6111a05-2445-4837-8b56-2af7361dbbff.jpeg,e547113b-f0c2-4fe3-9b69-3d42f645da5f,2c26c344-9929-46bb-b92e-49522b3b0d1b.jpeg,7934d11c-37d1-467c-8bc8-6586a8d36eea,50d4687c-e396-4945-80ab-0639947229cf.jpeg,0,Unburned,,,,,1,4.37,1,5,88,0,0,3,1,2,1,100,1,85,35,4,60,0,1,3,Abigail
21_pre_win_burn3d,burn3d,Burnpro3d,win,Winton-Schaads VMP (WIN),pre,Prefire,21,CATCU_0121_20241012_1.ptx,10/12/24,12:37,719691,4256070,26910,12.76,11.3,30,182,TRUE,737,,,,,18,2.9,32223594-f118-4d1e-ae2c-f7d1f8632d48,3be93ebf-530c-47d3-a66a-77822e471688.jpeg,e1a2cd16-e17f-4754-9b79-d2cdc49acfb4,16fdca70-1738-451d-b12b-e28f00e4153f.jpeg,3b3a6b79-0848-4840-99fa-545f93d6faa1,d38d866c-f609-43c0-8a51-07d97ca3573d.jpeg,f03ca8ea-951f-4f8b-9c25-93096efa135d,ab4ca06a-e21e-4d6f-8505-7cec178b7e94.jpeg,0,Unburned,,,,,1,4.37,1,0,98,0,0,0,0,2,0,100,1,70,40,2,50,0,1,3,Abigail
22_pre_win_burn3d,burn3d,Burnpro3d,win,Winton-Schaads VMP (WIN),pre,Prefire,22,CATCU_0122_20241012_1.ptx,10/12/24,10:22,719620,4256000,26910,12.76,11.3,11,228,TRUE,730,,,,,6,11.1,94a5e924-3b28-4f3f-b11f-06a397dc38d3,fcde0aeb-05e1-4053-b67d-e7a87ab5457b.jpeg,bb1689a7-c620-4447-a18b-e28dc383c1b6,2660903b-8c82-42f2-b5ac-673636bd170d.jpeg,f53b856d-a3c7-48c3-8818-59507161b16d,fd1b685f-df05-42df-af75-4242f3251608.jpeg,b8633fae-966d-41c9-ac59-3456d652ecb2,16d37d98-3e26-4d41-b691-bd547431007f.jpeg,0,Unburned,,,,,1,4.37,1,5,89,0,0,0,4,0,2,100,1,85,8,3,80,1,1,3,Abigail
19_pre_win_burn3d,burn3d,Burnpro3d,win,Winton-Schaads VMP (WIN),pre,Prefire,19,CATCU_0119_20241012_1.ptx,10/12/24,8:42,719619,4256142,26910,12.76,11.3,52,140,TRUE,723,,,,,18,10.1,73d103ae-8fed-444f-a571-eb91103c957c,96aa586e-a3ae-4172-8f81-72a3f729a5c1.jpeg,346f7370-a7ea-4996-928e-682dce33ff34,0cf849b0-9585-43e3-a5cc-25b246af8ab4.jpeg,b7dcd503-f71b-449e-a0b2-0845339a2780,6ad8a296-501b-4024-b8fd-c369092a27d2.jpeg,bb79fdba-29bb-4504-88b6-92f2715c5e2e,b0a2e174-f267-40ea-9b97-4a23813651c3.jpeg,0,Unburned,,,,,1,4.37,1,0,88,0,0,0,1,3,8,100,1,80,50,55,20,0,1,3,Abigail
14_pre_win_burn3d,burn3d,Burnpro3d,win,Winton-Schaads VMP (WIN),pre,Prefire,14,CATCU_0114_20241011_1.ptx,10/11/24,15:00,719945,4256474,26910,12.76,11.3,44,276,TRUE,715,,,,,94,8.9,c8c66dbf-7ebb-4994-a951-7695466dd0d2,ea7c49c8-875e-4124-a68f-98ea0fd1fa7c.jpeg,0ba26203-81e9-4a44-b34c-817bf954d881,08193463-2365-4cca-a48a-cc248afd0a33.jpeg,1ed8bf38-a61e-4db0-8603-f912c3214008,f8fd8799-5d7b-4e30-b6fc-daac190f3242.jpeg,718af71a-9813-459e-8b17-f34dd50838d9,88c2c225-88be-4dcf-8ddb-82490a579975.jpeg,0,Unburned,,,,Moved NE uphill to opposite side of fireline. Original plot coordinates were too close to the fireline. ,1,4.37,1,1,95,0,0,0,2,2,0,100,1,60,25,3,50,10,1,3,Abigail
15_pre_win_burn3d,burn3d,Burnpro3d,win,Winton-Schaads VMP (WIN),pre,Prefire,15,CATCU_0115_20241011_1.ptx,10/11/24,13:02,719832,4256371,26910,12.76,11.3,47,112,TRUE,700,,,,,7,9.6,978acbd5-304a-4557-963f-3e3edff029a1,41a9bb51-e8b2-42c6-9d9d-354fd73a2f10.jpeg,abefd64f-c4e6-445c-935c-04e7029c50cd,067a2237-43eb-49fb-93c9-a342445334b1.jpeg,2acadee9-0fda-46a3-998c-85402526d034,150d1c4e-0331-4754-b705-46dec1e18a4f.jpeg,ad5143ca-a210-4cd7-83bf-c0a2226ac67a,f9ccb621-937d-4793-9ff8-839441b9fea5.jpeg,0,Unburned,,,,,1,4.37,1,0,63,0,0,30,5,2,0,100,1,85,70,3,40,0,1,3,Abigail
17_pre_win_burn3d,burn3d,Burnpro3d,win,Winton-Schaads VMP (WIN),pre,Prefire,17,CATCU_0117_20241011_1.ptx,10/11/24,9:51,719689,4256219,26910,12.76,11.3,51,227,TRUE,674,,,,,2,8.2,e8f18432-66ef-456d-9f42-e4739ac7e959,fbbffa0e-1110-4ae8-ac5b-ee9b427a3b30.jpeg,29cfd8cc-d3f5-4f3e-862f-3da1817bdc6b,e07c3242-3a50-4396-89ee-d53bb1c9be56.jpeg,9c91eb82-7b57-4ac6-816e-977852318f69,9b485f54-6788-402b-a909-fdab0df8f4d6.jpeg,d9d9ff05-ab2a-449e-bfa8-fa8bacb404f8,aea18e88-9228-4f98-96b6-2a662cc0289e.jpeg,0,Unburned,,,,,1,4.37,1,1,90,0,0,2,3,4,0,100,1,78,55,3,50,0,1,3,Abigail
16_pre_win_burn3d,burn3d,Burnpro3d,win,Winton-Schaads VMP (WIN),pre,Prefire,16,CATCU_0116_20241011_1.ptx,10/11/24,8:37,719619,4256308,26910,12.76,11.3,20,141,TRUE,668,,,,,8,10.95,ffac1bd7-e50c-4383-827b-90c742fa1792,4ea63019-42fe-46e9-a1c7-133caba67a7b.jpeg,f981f730-09f0-4747-a812-b22208b67833,d3a32219-ae1b-49a6-8895-534f9e7ad5f2.jpeg,b773d163-fb70-4f2c-b338-711dfb544995,9672bc69-9219-4ed3-a61e-fccaa8e557a2.jpeg,a1de2345-34d5-4431-90dd-f7a3b3b106eb,d580da16-2b5d-4342-9907-1f4b31bc8034.jpeg,0,Unburned,,,,Plot center moved north due to proximity of dozer line to the SW ,1,4.37,1,0,97,0,0,0,1,2,0,100,1,95,30,4,20,65,1,3,Abigail
8_pre_win_burn3d,burn3d,Burnpro3d,win,Winton-Schaads VMP (WIN),pre,Prefire,8,CATCU_0108_20241010_1.ptx,10/10/24,15:08,720215,4256591,26910,12.76,11.3,27,138,TRUE,664,,,,,74,11,1f3d4cb5-f5c0-44d1-b1f9-29eac1a2e4d2,3cd05e14-e14e-4219-875d-591709b72a3b.jpeg,2250728a-5885-44c2-ada7-ddf6e93e9de1,3ca41cb7-3ff4-4eae-a2b1-8b14e599e0c0.jpeg,4a9426d4-b00b-4ce3-8942-bbc9c3aa8c21,b62f485e-8ec9-4b8f-86b9-66e4c5add806.jpeg,44faa446-84c2-408a-93fd-12a22ae2cc1b,1babacac-93af-4364-a4b1-caec989f8744.jpeg,0,Unburned,,,,,1,4.37,1,0,94,0,0,3,0,3,0,100,1,75,15,1,30,20,1,3,Abigail
10_pre_win_burn3d,burn3d,Burnpro3d,win,Winton-Schaads VMP (WIN),pre,Prefire,10,CATCU_0110_20241010_1.ptx,10/10/24,13:51,719842,4256520,26910,12.76,11.3,27,140,TRUE,656,,,,,92,10.1,b8004234-40cb-43a0-8217-e5617d353cac,6fcbed02-2cb4-43c5-976f-c6669b15b1dc.jpeg,817375d4-e8ab-47aa-a856-df6503a23be1,3949628c-48fd-4214-9a6d-a84e9b8667f2.jpeg,8c1c0c5c-3efe-4c4a-b080-6cb3e1a023a5,62fdbdd5-061a-4238-80dc-35221f0bdaae.jpeg,f8c91f5e-3198-44f5-9fbb-b51b590f99f2,565a24b7-a365-403f-8818-cca9ffffa527.jpeg,0,Unburned,,,,,1,4.37,1,0,94,0,0,2,0,4,0,100,1,90,12,1,40,60,1,3,Abigail
13_pre_win_burn3d,burn3d,Burnpro3d,win,Winton-Schaads VMP (WIN),pre,Prefire,13,CATCU_0113_20241010_1.ptx,10/10/24,12:49,719766,4256445,26910,12.76,11.3,30,124,TRUE,652,,,,,8,4.5,ea2d87dc-13ee-42f7-b91b-fa864a19a804,b18fe3b9-6e76-4fb8-9ad6-1fef4fbbfac5.jpeg,4d92d4e6-f167-4fb9-b581-7e5f9343604a,c3c0e31c-2261-4d11-ad8e-0460b7acfd84.jpeg,bddcff89-5761-44b3-b437-33e73a17221b,9cd0344f-11de-4313-b419-b9b99071dbe7.jpeg,566bce73-ebce-4bab-9be7-4bf7fd8da607,91968889-fa02-4a51-b5b1-0cd213c72440.jpeg,0,Unburned,,,,,1,4.37,1,0,97,0,0,0,1,2,0,100,1,92,15,4,40,50,1,3,Abigail
9_pre_win_burn3d,burn3d,Burnpro3d,win,Winton-Schaads VMP (WIN),pre,Prefire,9,CATCU_0109_20241010_1.ptx,10/10/24,11:06,719692,4256521,26910,12.76,11.3,26,158,TRUE,644,,,,,23,10.4,74790749-e148-4008-81a9-bb5be419b8d3,0f605df6-0d5d-4d65-b388-d95d68073d39.jpeg,da7b1857-b282-4880-abf8-47b452da56a5,bdbae65f-e4c9-4eb9-b02d-ecb2bcf66a3e.jpeg,f40eba7d-914b-43de-bac3-b74a745b15e6,c9c1ed32-c7ef-4d81-ab31-5dfaff83ec06.jpeg,59405a15-be48-40df-a1e7-f1524d8dccad,fb50a9b7-2dc6-4f24-8e84-f35695e06ca1.jpeg,0,Unburned,,,,,1,4.37,1,0,94,0,0,4,1,1,0,100,1,65,35,0,65,0,1,3,Abigail
12_pre_win_burn3d,burn3d,Burnpro3d,win,Winton-Schaads VMP (WIN),pre,Prefire,12,CATCU_0112_20241010_1.ptx,10/10/24,9:51,719619,4256443,26910,12.76,11.3,21,142,TRUE,638,,,,,53,11.1,5182bbec-a510-4535-9ae4-0028e9a395be,4db8e841-f153-4a73-8509-d8acdc11a8cd.jpeg,b06789e5-3be2-4781-aabe-efc4154b1be4,ef48e5df-c3e6-449d-9679-b82925b2a223.jpeg,d68b1910-18fb-4386-810f-676c47f7d915,dc3666df-ed08-45da-a43a-7ac334de8857.jpeg,166163b8-ac90-4136-8f9f-62a5004accd8,f40ae50e-fabe-42b6-b9bc-ae7792ea6ecd.jpeg,0,Unburned,,,,,1,4.37,1,3,93,0,0,0,1,3,0,100,1,95,25,0,60,30,1,3,Abigail
7_pre_win_burn3d,burn3d,Burnpro3d,win,Winton-Schaads VMP (WIN),pre,Prefire,7,CATCU_0107_20241009_1.ptx,10/9/24,14:52,720068,4256594,26910,12.76,11.3,22,218,TRUE,630,,,,,52,5.85,20ab17e6-2503-4eda-9748-673e6a8ee8f9,08998498-ecd0-40e3-a8ba-9e632789f633.jpeg,b7e95466-367f-4c12-946e-045c92c655af,5664f207-831c-4771-ab2c-996a28c8d70f.jpeg,0b9f3764-20c3-4552-9f07-6034a44a8f38,6004372b-449e-4ca3-8661-e2e7461c8be9.jpeg,aaadc1ab-a38d-413a-94f5-9a8e26e8c147,ab8d90da-9b25-46ed-8b05-6c0b30dc3728.jpeg,0,Unburned,,,,,1,4.37,1,5,94,0,0,0,0,1,0,100,1,40,15,0,25,0,1,3,Abigail
11_pre_win_burn3d,burn3d,Burnpro3d,win,Winton-Schaads VMP (WIN),pre,Prefire,11,CATCU_0111_20241009_1.ptx,10/9/24,12:59,719994,4256521,26910,12.76,11.3,34,218,TRUE,626,,,,,22,8.1,dca83af8-dfef-42a2-9ae1-c2f9abc83cc7,0dc0208c-5083-4e22-9bbe-1572555c3a4d.jpeg,29b3adde-08b7-4a1c-a730-4b782fa0ef67,53013692-ebc6-449e-b030-f7785652e056.jpeg,f98e20d2-42ca-42c1-8e2a-6221eba55bbd,847739ce-b4b8-46ea-8f94-9d2774355a86.jpeg,fb81b1ef-1ef9-427e-8210-b740d2902d1b,aaa9f32b-3397-4264-8896-a563122c690a.jpeg,0,Unburned,,,,,1,4.37,1,1,90,0,0,4,0,5,0,100,1,80,30,1,75,1,1,3,Abigail
6_pre_win_burn3d,burn3d,Burnpro3d,win,Winton-Schaads VMP (WIN),pre,Prefire,6,CATCU_0106_20241009_1.ptx,10/9/24,11:12,719919,4256598,26910,12.76,11.3,16,17,TRUE,621,,,,,23,5.3,26bb2ff5-5c6b-4ca5-bb9b-08876117c96d,4c14d6c3-bb26-4397-b60e-a0a18ef617a7.jpeg,f0cdc0f7-db0f-4e5b-a0c5-4f53f2c78b42,214c58d1-d0ed-4d81-a47f-d662139e7fce.jpeg,974d16bd-4c97-4ce3-84d6-97e4e650febc,e30cdce8-71b4-484b-8f13-6e6130563ab0.jpeg,15590c55-d42c-4867-a47c-8f21d673ecf0,5962fd3d-bcdc-4aab-91c6-83cf4a1c987f.jpeg,0,Unburned,,,,,1,4.37,1,0,97,0,0,0,1,2,0,100,1,70,20,2,55,10,1,3,Abigail
3_pre_win_burn3d,burn3d,Burnpro3d,win,Winton-Schaads VMP (WIN),pre,Prefire,3,CATCU_0103_20241008_1.ptx,10/8/24,15:17,719991,4256666,26910,12.76,11.3,27,258,TRUE,613,,,,,13,8.35,5b9755e1-fcc4-48e7-b3bd-27eb34de3e93,c9d6eb68-3808-4751-89ce-992337113cbe.jpeg,5414be7e-73bd-4f2f-9535-bfa315e8ba8e,8cbbd9a6-8a69-4141-a789-03c6296ba765.jpeg,3442b389-0d69-460e-8e69-40c052d8565c,65015ee0-7311-4ee2-9d9b-6298ba0669aa.jpeg,6aafdd43-06c7-498f-b511-eec4f41e5539,193170c8-485b-45df-818d-511b10dad5bc.jpeg,0,Unburned,,,,,1,4.37,1,5,95,0,0,0,0,0,0,100,1,75,25,10,15,25,1,3,Abigail
2_pre_win_burn3d,burn3d,Burnpro3d,win,Winton-Schaads VMP (WIN),pre,Prefire,2,CATCU_0102_20241008_1.ptx,10/8/24,13:48,719844,4256673,26910,12.76,11.3,34,136,TRUE,607,,,,,68,11.1,80230597-a6e3-4940-80c5-71e3eb01b431,c666655e-eadd-4b2b-ac37-674e2bf0ade8.jpeg,8f8a71f6-7718-4bd7-b8ce-57c7921ee5df,4af0c078-df7d-4ffd-b43a-5b28a51d773d.jpeg,b5345460-362b-4dbb-bab3-b49eb70ec9f0,a2b30946-3a4c-4e3e-af13-1d9c1c79cc09.jpeg,d977015f-a5cc-4049-b748-2b13292874bf,08fa2027-0d5a-4cde-b218-30ef83aec086.jpeg,0,Unburned,,,,,1,4.37,1,0,94,0,0,4,0,2,0,100,1,45,30,0,40,0,1,3,Abigail
5_pre_win_burn3d,burn3d,Burnpro3d,win,Winton-Schaads VMP (WIN),pre,Prefire,5,CATCU_0105_20241008_1.ptx,10/8/24,11:28,719764,4256594,26910,12.76,11.3,36,115,TRUE,998,,,,,19,5.6,8f89d82c-0e88-4374-ba19-81b7e2b0dbc5,f1388fad-dcb2-4570-85a3-54a1c832e295.jpeg,77ed72a1-502a-4b08-a18b-96303e3e9b7a,4d8315bf-467c-406e-9f19-38a954371b72.jpeg,5536b6a8-9bc8-4903-8935-8e2762e8604a,2e1e1832-ba75-432d-8264-acf9f9ea31fe.jpeg,8259844e-5179-4f53-a10b-41620ba8c1e7,a8cf017b-bca1-47a8-a280-82d76e4cf5c5.jpeg,0,Unburned,,,,,1,4.37,1,0,94,0,0,1,3,2,0,100,1,65,45,0,40,0,1,3,Abigail
4_pre_win_burn3d,burn3d,Burnpro3d,win,Winton-Schaads VMP (WIN),pre,Prefire,4,CATCU_0104_20241008_1.ptx,10/8/24,10:17,719614,4256593,26910,12.76,11.3,18,236,TRUE,988,,,,,66,6.3,65027603-553a-4c8d-81ad-ac7b906e4d42,7abcd194-ae97-4747-a5bd-95762bf754bd.jpeg,2ef8a649-710e-496f-92db-3f628850e228,49a9be74-b18b-4c7e-9ba0-7c65d08b3e90.jpeg,d4b62f60-1902-4383-bcdd-9cdb8383b54d,bf3a3f3d-2856-4085-9527-50c713a4d03f.jpeg,c930e2b6-b5cb-4d49-91ea-1e4daf6452d2,97aad942-f1f3-4d96-a062-17d7419128a7.jpeg,0,Unburned,,,,,1,4.37,1,0,99,0,0,0,0,1,0,100,1,55,45,0,10,0,1,3,Abigail
15_post0_SDR_burn3d,burn3d,Burnpro3d,SDR,Sedgwick Reserve (SDR),post0,Postfire_imm,15,,,0:00,770007,3842666,26910,11.55,11.3,16,245,TRUE,540,,,,,14,9.3,,,,,,,,,,,,,,,1,,1,0,0,0,0,0,0,0,0,0,1,,,,,,1,,
1_pre_win_burn3d,burn3d,Burnpro3d,win,Winton-Schaads VMP (WIN),pre,Prefire,1,CATCU_0101_20241008_1.ptx,10/8/24,9:08,719693,4256666,26910,12.76,11.3,8,75,TRUE,982,,,,,13,10.55,ed9711a8-f053-46cf-94ff-7d6fc6d78fff,7cef9d39-2e1d-4837-9b93-dda4c728e50b.jpeg,e7792030-32c3-45b8-9534-a86bba98d064,14058749-508d-4ade-81cc-f482152ccd0b.jpeg,a7ca66ad-77bb-4b88-9bc5-3b3fe6a98d8c,bbf1a03f-ef0e-4931-bd39-cd2d06bc02c0.jpeg,00418986-d47c-4af6-9ad6-630f8e146223,856441e5-3f10-4915-ac8f-5ec3a93c946c.jpeg,0,Unburned,,,,,1,4.37,1,0,97,0,0,0,0,3,0,100,1,80,20,0,70,0,1,3,Abigail
53_pre_tcu_burn3d,burn3d,Burnpro3d,tcu,Calaveras Big Trees State Park,pre,Prefire,53,CATCU_0053_20241025_1.ptx,10/25/24,13:20,741961,4236614,26910,12.7,11.3,31,12,TRUE,1134,,,,,27,5.58,c5971481-cedf-4402-b692-f7e93d676746,b60792f3-9926-48f1-8cb0-5fdc25e4d4a2.jpeg,9b4782e6-b959-489d-be2d-c88aa5482550,97d7afc4-d84c-44b9-97bb-25899068e6cd.jpeg,73434dda-c3f7-4ced-9d9b-7559c517c5f9,bef184da-f82a-4371-aff4-45641ed7dbc4.jpeg,3757d82f-0265-4fbb-8f72-2815998d1dc9,e18d8d9d-d54b-4ae0-b67d-159b0e3e1039.jpeg,0,Unburned,,,,,1,4.37,1,0,79,0,0,5,15,1,0,100,1,50,35,30,10,0,1,3,Abigail
54_pre_tcu_burn3d,burn3d,Burnpro3d,tcu,Calaveras Big Trees State Park,pre,Prefire,54,CATCU_0054_20241025_1.ptx,10/25/24,10:41,741883,4236614,26910,12.7,11.3,18,16,TRUE,1118,,,,,3,7.2,a5cdd7ba-aaea-497e-ae35-2506efa5e427,4be989d0-9a13-4951-b328-701581bf7b3c.jpeg,2a9203e1-bfbf-492b-9be0-3c98c88765e2,c087d5b5-8942-45ac-9c8e-2ac16caaba1a.jpeg,e5722e2b-6830-472a-8b43-d69162d37709,1cca8967-f7cf-4b7f-adc9-e2b7a53dddd9.jpeg,4bdd6351-53c9-4b96-b2ea-c090ec819e3e,24987016-f814-497e-8d0c-06bc42615165.jpeg,0,Unburned,,,,,1,4.37,1,1,78,0,0,0,20,1,0,100,1,40,30,5,7,1,1,3,Abigail
49_pre_tcu_burn3d,burn3d,Burnpro3d,tcu,Calaveras Big Trees State Park,pre,Prefire,49,CATCU_0049_20241025_1,10/25/24,8:43,741880,4236684,26910,12.7,11.3,39,314,TRUE,1099,,,,,17,11.2,88ff8c83-149d-4b3d-9334-b3689bbc3791,a154a685-b79d-4776-b194-5f502624d207.jpeg,3c0a1fd6-f5c0-41f9-a99d-591179b3402c,ffb67d7d-a687-4c4a-86cb-c3a32b8e0ea2.jpeg,83b876e3-d376-442f-a32c-403b7aae2545,0915aeff-ddf0-4167-9321-52f3bfa0074c.jpeg,156e4738-7b36-44a0-a2cb-4fa333e08c60,b092ce17-15d3-4254-b588-b86a00a84b4b.jpeg,0,Unburned,,,,,1,4.37,1,0,85,0,0,2,10,3,0,100,1,75,45,20,7,10,1,3,Abigail
50_pre_tcu_burn3d,burn3d,Burnpro3d,tcu,Calaveras Big Trees State Park,pre,Prefire,50,CATCU_0050_20241024_1,10/24/24,15:02,741808,4236684,26910,12.7,11.3,19,315,TRUE,1086,,,,,15,10.2,77718f4b-818e-408a-bfb0-93ef68b294a6,fb2c7ff0-3de6-4588-bf19-fc03810231aa.jpeg,59ea3e59-d29a-4d79-ad2e-ce81f3e160ee,6eaad55c-2587-4920-8010-5208e9b1224e.jpeg,ad2d8ef6-b739-45b6-9ca7-cddc656133c5,a5225db7-5f37-45d0-9670-e68a74a451b2.jpeg,549e287a-eb0f-461a-9c8e-e8a3ed52a296,5fc704e6-3370-4cb6-82ce-cc44ecc404e0.jpeg,0,Unburned,,,,,1,4.37,1,0,88,0,0,1,10,1,0,100,1,30,30,1,0,0,1,3,Abigail
55_pre_tcu_burn3d,burn3d,Burnpro3d,tcu,Calaveras Big Trees State Park,pre,Prefire,55,CATCU_0055_20241024_1.ptx,10/24/24,13:15,741806,4236608,26910,12.7,11.3,31,255,TRUE,1070,,,,,17,8.3,6d4d2cc5-1433-4397-8471-d8938625e95e,978694ea-b9c7-4dbc-b9ed-fcfb2162af99.jpeg,6e6745c5-8f1a-4c53-937a-e5e7598597ef,f9e33a25-2d43-4dd9-a9c2-4b93e8f62250.jpeg,1f6e0f46-2e3a-48ec-a515-eee236323e87,8418f217-cdec-4df8-8a02-e02805151e97.jpeg,84e73912-ec95-42d1-9be5-1054f403d856,4a6839c5-ed7a-43a4-a3d1-d2d20883bd3e.jpeg,0,Unburned,,,,,1,4.37,1,0,83,0,0,0,15,2,0,100,1,50,50,0,0,0,1,3,Abigail
56_pre_tcu_burn3d,burn3d,Burnpro3d,tcu,Calaveras Big Trees State Park,pre,Prefire,56,CATCU_0056_20241024_1.ptx,10/24/24,10:33,741733,4236604,26910,12.7,11.3,20,300,TRUE,1036,,,,,43,8.75,6b176de4-241a-44b1-b533-11da9e42abb0,4c95bbad-b81f-4828-83bf-c2cb28b5b1e0.jpeg,0aae0d00-6e1d-4266-876c-20a2aa0f9cfe,29451929-f118-4eab-b554-604064189e3c.jpeg,d80db033-dc24-4b43-af86-42902b1185ca,597fe063-3d6a-4224-8091-ab82d596c990.jpeg,5008fd1e-820e-490f-b985-c665a22a21ce,6f8ee489-feed-4f87-b4df-dce3f829b39f.jpeg,1,Light patchy burn pattern,,,,,1,4.37,1,0,82,0,0,0,15,3,0,100,1,85,75,20,2,0,1,3,Abigail
51_pre_tcu_burn3d,burn3d,Burnpro3d,tcu,Calaveras Big Trees State Park,pre,Prefire,51,CATCU_0051_20241024_1.ptx,10/24/24,9:02,741717,4236683,26910,12.7,11.3,16,229,TRUE,1027,,,,,62,8.55,72115e08-2595-459b-8a36-7a6b5b479d9d,6e7f7322-089f-4660-aff4-2145a4ebe9b4.jpeg,853c6634-ebcc-4698-aad3-04f73023b8a7,73d4ae79-36c9-4647-a290-281e175f1870.jpeg,4beebb1b-b9a1-4697-9361-1b8783d8daa5,5e9a6c67-a408-4f2f-b77a-cf041d57aa55.jpeg,b1ec1820-8013-4478-b2a7-fd06748455b3,a8f04ef9-5ebc-4377-bf65-a82ddec81dd7.jpeg,0,Unburned,,,,,1,4.37,1,0,93,0,0,0,4,3,0,100,1,65,50,15,0,1,1,3,Abigail
52_pre_tcu_burn3d,burn3d,Burnpro3d,tcu,Calaveras Big Trees State Park,pre,Prefire,52,CATCU_0052_20241023_1.ptx,10/23/24,15:29,742033,4236603,26910,12.7,11.3,11,322,TRUE,1016,,,,,82,2.8,df8a6cc4-c85f-4a80-9436-0738c3186515,67441034-b846-4d5b-80a4-3a5a25c14b08.jpeg,05741c69-897f-426e-9a13-618571bddd53,d01bee50-99b6-40aa-8a08-5edee500dd6b.jpeg,edcff177-f71b-4875-b6c7-e3e30c73fe81,32eec8ce-1af6-4dec-b352-1d0d79023458.jpeg,d21ba5c2-3ef3-48b5-9c8e-d821e266eff7,9b619f62-f338-4253-a243-3211ab58ef62.jpeg,0,Unburned,,,,,1,4.37,1,0,92,0,0,0,2,1,5,100,1,50,40,10,0,0,1,3,Abigail
47_pre_tcu_burn3d,burn3d,Burnpro3d,tcu,Calaveras Big Trees State Park,pre,Prefire,47,CATCU_0047_20241023_1,10/23/24,13:58,742042,4236695,26910,12.7,11.3,9,233,TRUE,1009,,,,,65,7.78,6017b400-dca7-4ae9-a4c6-2ca7fb6a2355,b983f8a8-db7d-49a3-b2d3-22077bde9c1a.jpeg,77d12b90-0aaa-4a61-993f-594c7909919e,a88ff896-c4a2-432f-bbe1-3383a9e42301.jpeg,8908e491-fbf0-4f33-999e-638f2e9d293e,60346db5-886e-4185-bf77-af2d90ebe9e1.jpeg,2299ba7f-0048-4076-8a39-80e5a5d0ecfa,4451506f-6dcc-4098-b962-57628e24969b.jpeg,1,Light patchy burn pattern,,,,,1,4.37,1,0,96,0,0,0,4,0,0,100,1,85,35,55,0,0,1,3,Abigail
16_post0_SDR_burn3d,burn3d,Burnpro3d,SDR,Sedgwick Reserve (SDR),post0,Postfire_imm,16,,,0:00,770093,3842668,26910,11.55,11.3,19,240,TRUE,545,,,,,50,8.4,,,,,,,,,,,,,,,1,,1,0,0,0,0,0,0,0,0,0,1,,,,,,1,,
48_pre_tcu_burn3d,burn3d,Burnpro3d,tcu,Calaveras Big Trees State Park,pre,Prefire,48,CATCU_0048_20241023_1,10/23/24,11:48,741965,4236686,26910,12.7,11.3,21,252,TRUE,296,,,,,16,4.25,77a4f9d3-69c1-4655-9a19-d729019533d0,efe3d4e1-d386-4b0d-8f89-b283ee772f25.jpeg,d306ee5f-e61d-4006-881d-73f6639168c0,d3fb5c9f-6f06-4886-81e8-0258dfd8fa7f.jpeg,b232eb24-e2c6-4667-b643-e2af3492b779,868e638b-da13-492b-b40d-4c7341aa24bb.jpeg,148e8607-ea35-4386-837f-189bc0bae62c,13d78a79-97be-4935-9ffd-3d0cedf08596.jpeg,0,Unburned,,,,,1,4.37,1,0,98,0,0,0,0,2,0,100,1,75,70,3,0,2,1,3,Abigail
42_pre_tcu_burn3d,burn3d,Burnpro3d,tcu,Calaveras Big Trees State Park,pre,Prefire,42,CATCU_0042_20241023_1.ptx,10/23/24,10:24,742040,4236778,26910,12.7,11.3,17,289,TRUE,284,,,,,18,6.1,5772a2ed-d338-4783-afee-64ebb30cd58c,1cb2ae4e-25a3-44cf-a400-c1bf31066ad3.jpeg,3a05efee-a7ae-4337-a154-8d08a4562c15,66341fa7-11f9-4a29-ae5b-98930c1e202d.jpeg,bf72a744-39f6-46e0-9e5f-341ce6a9886d,1596dd2e-1b2f-4d4b-8053-411c3ac40f9d.jpeg,5c007615-8f8b-47b9-91f0-7949e8939763,51d8fb9e-5222-4502-9019-38301275af4c.jpeg,0,Unburned,,,,,1,4.37,1,0,89,0,0,0,5,2,4,100,1,20,20,0,0,0,1,3,Abigail
43_pre_tcu_burn3d,burn3d,Burnpro3d,tcu,Calaveras Big Trees State Park,pre,Prefire,43,CATCU_0043_20241023_1,10/23/24,8:52,741944,4236773,26910,12.7,11.3,31,288,TRUE,263,,,,,9,3.27,9e435614-590b-42cd-a585-0ba9102f11af,e81b0661-a97c-4882-8d44-6d05473bef46.jpeg,3464e8eb-8b63-4f2d-90c5-3f17b1d5fe41,686ecf5a-0779-4a94-8b22-8080fbc54d0b.jpeg,e599bfda-9581-4816-b045-0b0060114982,70cbc4f8-28ba-4688-97d9-889c3c67bdc6.jpeg,b9224173-e2d4-47e5-8e76-179efb40aa7f,b71d0184-e5f7-42bc-b73c-dd1709e8f787.jpeg,0,Unburned,,,,,1,4.37,1,5,92,0,0,0,1,2,0,100,1,45,40,5,5,1,1,3,Abigail
44_pre_tcu_burn3d,burn3d,Burnpro3d,tcu,Calaveras Big Trees State Park,pre,Prefire,44,CATCU_0044_20241022_1,10/22/24,13:28,741875,4236772,26910,12.7,11.3,22,311,TRUE,248,,,,,8,11.2,6ab5c4be-0d33-4ad8-a796-6acc3fc024d3,038391b7-d0e3-460e-bbeb-7c8d341687ec.jpeg,a063f748-7c1e-43ca-bb3a-b19404fc8820,f071f7e7-20c2-476a-842b-a9368ef74da1.jpeg,ffddefc2-c164-4eb1-a73b-d0f548600e61,8a046734-0fa8-45e0-ac70-cd56431c512c.jpeg,c9d05f7d-dce8-434c-84e3-fd2eafb5fedc,ebeb66f5-76df-41c8-9295-9b1890585b7f.jpeg,0,Unburned,,,,,1,4.37,1,0,95,0,0,0,2,3,0,100,1,65,55,20,1,4,1,3,Abigail
45_pre_tcu_burn3d,burn3d,Burnpro3d,tcu,Calaveras Big Trees State Park,pre,Prefire,45,CATCU_0045_20241022_1,10/22/24,11:11,741788,4236770,26910,12.7,11.3,42,26,TRUE,231,,,,,19,11.2,93c1cb68-9069-4834-bd65-338e10cf2b41,c8aa6237-beaa-4ef1-867d-9f590810e440.jpeg,2e5d72ff-04f7-42fe-ab9e-becc86001f33,8234bb1b-5660-41a3-b0be-55bde17874a0.jpeg,f9107ccf-9c50-439b-8aa6-4620cb19f01e,41fb20b3-bee7-491c-9171-20a158410663.jpeg,53b74d86-7d98-4e26-98cf-1afabc069996,9c9f193f-8836-4850-a01e-71116ba16835.jpeg,0,Unburned,,,,,1,4.37,1,0,98,0,0,0,1,1,0,100,1,60,50,1,6,5,1,3,Abigail
46_pre_tcu_burn3d,burn3d,Burnpro3d,tcu,Calaveras Big Trees State Park,pre,Prefire,46,CATCU_0046_20241022_1,10/22/24,9:09,741721,4236763,26910,12.7,11.3,7,336,TRUE,218,,,,,118,10.1,523bb284-3bab-4979-872d-3d87e6e57a7c,6784e0bb-4792-4e13-b098-3d3aaf378a95.jpeg,ff98fc69-47d1-4130-a774-df08fd73f6b9,fe1b6480-ce38-4b01-847d-5361a354305e.jpeg,874670dd-944f-4483-8109-0147bc12120f,8a757fe9-f09f-4296-9d52-6d1602f3a2d3.jpeg,5691316a-8450-48e2-82dc-7e6978dcbe58,4a8d6a36-ef0f-4fc6-acb4-fcbcfd543bc7.jpeg,0,Unburned,,,,,1,4.37,1,0,94,0,0,0,5,1,0,100,1,75,25,20,30,2,1,3,Abigail
1_post0_SDR_burn3d,burn3d,Burnpro3d,SDR,Sedgwick Reserve (SDR),post0,Postfire_imm,1,,,0:00,769852,3843103,26910,11.55,11.3,47,202,TRUE,412,,,,,125,9.3,,,,,,,,,,,,,,,1,,1,0,0,0,0,0,0,0,0,0,1,,,,,,1,,
2_post0_SDR_burn3d,burn3d,Burnpro3d,SDR,Sedgwick Reserve (SDR),post0,Postfire_imm,2,,,0:00,769802,3843076,26910,11.55,11.3,49,267,TRUE,416,,,,,4,4,,,,,,,,,,,,,,,1,,1,0,0,0,0,0,0,0,0,0,1,,,,,,1,,
3_post0_SDR_burn3d,burn3d,Burnpro3d,SDR,Sedgwick Reserve (SDR),post0,Postfire_imm,3,,,0:00,769905,3843067,26910,11.55,11.3,32,254,TRUE,442,,,,,85,9.5,,,,,,,,,,,,,,,1,,1,0,0,0,0,0,0,0,0,0,1,,,,,,1,,
4_post0_SDR_burn3d,burn3d,Burnpro3d,SDR,Sedgwick Reserve (SDR),post0,Postfire_imm,4,,,0:00,769844,3843015,26910,11.55,11.3,14,108,TRUE,453,,,,,86,5.2,,,,,,,,,,,,,,,1,,1,0,0,0,0,0,0,0,0,0,1,,,,,,1,,
5_post0_SDR_burn3d,burn3d,Burnpro3d,SDR,Sedgwick Reserve (SDR),post0,Postfire_imm,5,,,0:00,769935,3842989,26910,11.55,11.3,35,235,TRUE,457,,,,,156,9.9,,,,,,,,,,,,,,,1,,1,0,0,0,0,0,0,0,0,0,1,,,,,,1,,
6_post0_SDR_burn3d,burn3d,Burnpro3d,SDR,Sedgwick Reserve (SDR),post0,Postfire_imm,6,,,0:00,769889,3842961,26910,11.55,11.3,32,210,TRUE,464,,,,,298,3.2,,,,,,,,,,,,,,,1,,1,0,0,0,0,0,0,0,0,0,1,,,,,,1,,
7_post0_SDR_burn3d,burn3d,Burnpro3d,SDR,Sedgwick Reserve (SDR),post0,Postfire_imm,7,,,0:00,769967,3842883,26910,11.55,11.3,46,249,TRUE,468,,,,,16,5,,,,,,,,,,,,,,,1,,1,0,0,0,0,0,0,0,0,0,1,,,,,,1,,
8_post0_SDR_burn3d,burn3d,Burnpro3d,SDR,Sedgwick Reserve (SDR),post0,Postfire_imm,8,,,0:00,769903,3842867,26910,11.55,11.3,39,305,TRUE,476,,,,,83,2.9,,,,,,,,,,,,,,,1,,1,0,0,0,0,0,0,0,0,0,1,,,,,,1,,
17_post0_SDR_burn3d,burn3d,Burnpro3d,SDR,Sedgwick Reserve (SDR),post0,Postfire_imm,17,,,0:00,769953,3842616,26910,11.55,11.3,26,204,TRUE,549,,,,,74,9.9,,,,,,,,,,,,,,,1,,1,0,0,0,0,0,0,0,0,0,1,,,,,,1,,
18_post0_SDR_burn3d,burn3d,Burnpro3d,SDR,Sedgwick Reserve (SDR),post0,Postfire_imm,18,,,0:00,770052,3842621,26910,11.55,11.3,37,251,TRUE,559,,,,,295,7.3,,,,,,,,,,,,,,,1,,1,0,0,0,0,0,0,0,0,0,1,,,,,,1,,
19_post0_SDR_burn3d,burn3d,Burnpro3d,SDR,Sedgwick Reserve (SDR),post0,Postfire_imm,19,,,0:00,770002,3842568,26910,11.55,11.3,46,233,TRUE,562,,,,,125,11.3,,,,,,,,,,,,,,,1,,1,0,0,0,0,0,0,0,0,0,1,,,,,,1,,
20_post0_SDR_burn3d,burn3d,Burnpro3d,SDR,Sedgwick Reserve (SDR),post0,Postfire_imm,20,,,0:00,770050,3842520,26910,11.55,11.3,39,152,TRUE,570,,,,,0,5.4,,,,,,,,,,,,,,,1,,1,0,0,0,0,0,0,0,0,0,1,,,,,,1,,
29_pre_puc_burn3d,burn3d,Burnpro3d,puc,Pacific Union College (PUC),pre,Prefire,29,CALNU_0029_20241110_1.ptx,11/10/24,13:53,551317,4268975,26910,13.16,11.3,34,154,TRUE,1364,,,,,9,9.75,404bcf4b-424b-4640-82cd-0d28025b1bfd,4cf3dead-2b3e-4acd-a5ef-a435704d8b1d.jpeg,64c6f940-f9cb-477c-af7d-ab2aa2d7869f,88c664b7-ddf7-4ba7-a7b0-6353b137938f.jpeg,64249986-2a81-44bb-96b2-c97d6f6d826a,4a26eb31-ebec-4015-bda9-7ed552e97745.jpeg,aaee6f69-834e-4a98-9e69-a2bd158fc22a,af3668d7-a69c-40d4-b8cf-bb7c3fd947cd.jpeg,0,Unburned,,,,Plot was moved to the north to avoid the road and a trail,1,4.37,1,2,95,0,0,0,2,1,0,100,1,55,55,6,1,2,1,3,Abigail
32_pre_puc_burn3d,burn3d,Burnpro3d,puc,Pacific Union College (PUC),pre,Prefire,32,CALNU_0032_20241110_1.ptx,11/10/24,11:26,551363,4268979,26910,13.16,11.3,64,123,TRUE,1352,,,,,2,9.6,d595bb92-b8e6-4bd8-8987-89f054ef0798,e535d6ba-49c0-4f75-a47f-34a30d376385.jpeg,f5275254-a6ad-4cd7-8da0-5f2a20d5f9a7,7079a03a-f844-4264-b326-5168ff54c207.jpeg,faa5f414-fd1e-48eb-b182-b8a36b811654,2e21a374-246a-4569-a269-da17fb84e58b.jpeg,37a38083-d9be-4096-a3f7-395c7307b64e,5b549635-20c7-48eb-afee-8df22af3a209.jpeg,0,Unburned,,,,,1,4.37,1,0,69,0,0,0,30,1,0,100,1,80,75,40,0,0,1,3,Abigail
30_pre_puc_burn3d,burn3d,Burnpro3d,puc,Pacific Union College (PUC),pre,Prefire,30,CALNU_0030_20241110_1.ptx,11/10/24,9:52,551417,4268935,26910,13.16,11.3,54,331,TRUE,1331,,,,,33,9.85,c92afa92-425a-4132-b2b8-e16e04786ee4,b4756a77-7bb5-4d8a-a0ec-403db9d22247.jpeg,f17dd594-343c-437a-a2dc-29692aadba98,67c676d4-f23b-42b5-9c2a-21659ac13be2.jpeg,8a50a722-b198-47eb-a868-a51939e73d0f,21a8bad2-ea85-4f5c-b194-5f654597b0d5.jpeg,7e302698-5ce6-4b31-91d7-a047bf837b66,c644e685-e2d3-4c16-8428-9348ef7e36d5.jpeg,0,Unburned,,,,,1,4.37,1,0,96,0,0,0,3,1,0,100,1,85,85,3,0,0,1,3,Abigail
42_pre_puc_burn3d,burn3d,Burnpro3d,puc,Pacific Union College (PUC),pre,Prefire,42,CALNU_0042_20241108_1.ptx,11/8/24,10:12,551218,4269228,26910,13.16,11.3,24,110,TRUE,1186,,,,,110,10.7,c6a8c1ba-e868-45e5-8b71-8c209e3a50c6,0e6cf570-d8d3-4bed-b2af-f5ca821eeda4.jpeg,52924d62-2904-4027-b29d-ec5c465fb8fd,afba31bf-d88d-4092-85b9-ccb989e05175.jpeg,8b5c490a-6b7c-44ce-94c9-f9fdeeedf509,847be240-5709-46f5-ad5d-88dd35d98818.jpeg,3631b92f-00ae-4504-818f-9eedffb5ce8c,1585bbd4-8ce4-4a86-96c0-453e65595641.jpeg,0,Unburned,,,,,1,4.37,1,2,97,0,0,0,1,0,0,100,1,40,40,1,1,5,1,3,Abigail
28_pre_puc_burn3d,burn3d,Burnpro3d,puc,Pacific Union College (PUC),pre,Prefire,28,CALNU_0028_20241110_1.ptx,11/10/24,8:27,551367,4268874,26910,13.16,11.3,42,326,TRUE,1307,,,,,14,7.5,f92423db-6cce-4a05-b3ee-d62026d60a5b,ba6f9f6d-c435-44f8-97c9-f849fd812be8.jpeg,e61fff1c-ac0d-44d1-8d0b-90c2e5cb2a43,fb5f9444-2791-4545-adb6-918d7ad2867c.jpeg,fb9dcfb8-bf06-4b4a-a794-e237574ac75e,e3210e6e-5b8a-4093-92da-11d90bd49389.jpeg,c3e4018a-47f1-4dcd-b4ea-bc6111ae24a8,fc9e88b0-71bf-4c2f-aaad-d43c37c27ac1.jpeg,0,Unburned,,,,,1,4.37,1,0,97,0,0,0,2,1,0,100,1,90,90,4,0,0,1,3,Abigail
31_pre_puc_burn3d,burn3d,Burnpro3d,puc,Pacific Union College (PUC),pre,Prefire,31,CALNU_0031_20241109_1.ptx,11/9/24,14:48,551281,4268980,26910,13.16,11.3,16,218,TRUE,1296,,,,,4,4.9,052c7560-49da-4576-b881-6b8a7c68bbae,15f749c5-3a78-40d1-8bdf-16af407517a6.jpeg,913a7246-9ce1-4994-b5d0-29663858f5ed,5cf82245-8665-4a62-be46-f272e659e355.jpeg,6abc1a33-4938-4385-b00f-0a7a3dbe9e08,8ef99820-d2c2-4af6-984f-37ebbc713803.jpeg,3be84328-6810-475c-82b2-cfabd8f99172,0f4e69de-9f20-4602-8b9a-1f92a63aaba8.jpeg,0,Unburned,,,,,1,4.37,1,0,98,0,0,0,2,0,0,100,1,45,45,2,0,0,1,3,Abigail
33_pre_puc_burn3d,burn3d,Burnpro3d,puc,Pacific Union College (PUC),pre,Prefire,33,CALNU_0033_20241109_1.ptx,11/9/24,13:49,551224,4269032,26910,13.16,11.3,14,252,TRUE,1284,,,,,16,6.95,190d2a2d-ebc4-46ee-8330-a2fb4edae8de,71e4b471-4bbf-4a2a-a5c3-29c434670921.jpeg,07c440a0-b888-4503-8817-e0e4518fe188,8ec43db5-1d28-469a-b6a4-8ed3140f0de8.jpeg,9da78af5-de57-455b-8add-01c15d99b017,5c885949-0480-43d6-901c-3567a68f2810.jpeg,eea51c4c-43fe-4cdf-b8a8-b46ab4846c76,faa272b1-566e-4d28-bd63-e8854cea7e0b.jpeg,0,Unburned,,,,,1,4.37,1,0,99,0,0,0,0,1,0,100,1,50,50,0,0,0,1,3,Abigail
36_pre_puc_burn3d,burn3d,Burnpro3d,puc,Pacific Union College (PUC),pre,Prefire,36,CALNU_0036_20241109_1.ptx,11/9/24,12:59,551275,4269078,26910,13.16,11.3,9,113,TRUE,1280,,,,,98,5.9,b5312b47-6e5f-402a-aea5-f8f9ca2990b5,21564267-df10-445d-adbb-6a4829949693.jpeg,8474357c-529e-4f5d-8d0b-6e53d8ae087f,be958fc6-3c7f-4d94-b2ae-35e95b7e2e72.jpeg,5a62dff1-9b03-4044-a328-e0771c5b8f47,ae49e1ae-ad05-4e27-ad15-580f9c6ea705.jpeg,a09c83e8-7851-4b71-8803-10183c6180d1,392e781e-159b-4d3f-97df-0cb111afc3fd.jpeg,0,Unburned,,,,,1,4.37,1,8,91,0,0,0,1,0,0,100,1,18,15,3,1,0,1,3,Abigail
34_pre_puc_burn3d,burn3d,Burnpro3d,puc,Pacific Union College (PUC),pre,Prefire,34,CALNU_0034_20241109_1.ptx,11/9/24,11:17,551316,4269036,26910,13.16,11.3,23,68,TRUE,1269,,,,,26,8.9,11e09e6c-2451-4759-b670-207e18f2cbc3,91f25b16-03e3-451c-8651-689a7468c31f.jpeg,c3645b1b-e0f9-4278-9278-3981dd71e9d8,d41805bd-79e0-4da4-a8c3-0d23506c182c.jpeg,0d4d7f32-8604-41c4-a3ce-105ba0895eaa,4c77a80b-892c-494b-b293-4dc52911bc43.jpeg,bd103650-ec11-4f05-bf3b-61c64eb0d396,f7c3c675-d91f-47ed-92d1-45d030750ff2.jpeg,0,Unburned,,,,,1,4.37,1,0,99,0,0,0,0,1,0,100,1,65,50,10,0,0,1,3,Abigail
37_pre_puc_burn3d,burn3d,Burnpro3d,puc,Pacific Union College (PUC),pre,Prefire,37,CALNU_0037_20241109_1.ptx,11/9/24,9:31,551370,4269088,26910,13.16,11.3,57,62,TRUE,1248,,,,,22,4.5,c944ae6b-28e4-48ea-8ce8-5e2469ed0add,957a9b62-a6d2-47ad-882f-851a1a6058cd.jpeg,c17de3d8-75e1-4f45-914b-91a5c6fbac30,9c67b32a-0bcf-4f0b-b404-8b66d79ef525.jpeg,013d5bf9-7607-41a7-853c-fc2cf7d8ad29,aee2e6dc-b988-4844-8b8b-94da965a264f.jpeg,b8fef2a9-70ce-4b50-a967-ed633c4819a0,6aff5bd0-3d3b-45e9-9459-94f83f65f3a2.jpeg,0,Unburned,,,,,1,4.37,1,0,91,0,0,1,3,5,0,100,1,90,85,60,2,0,1,3,Abigail
39_pre_puc_burn3d,burn3d,Burnpro3d,puc,Pacific Union College (PUC),pre,Prefire,39,CALNU_0039_20241109_1.ptx,11/9/24,8:12,551310,4269129,26910,13.16,11.3,35,68,TRUE,1236,,,,,30,10,a0d12b90-1833-4470-a9cc-1f1175ac3dcb,f2e64996-31d8-4222-9fc0-e9d631d1fbc8.jpeg,917fb2f2-c756-4b1d-bbb3-3ebf3a9a4d02,3eef9435-f876-4c19-b3c4-ac738a89dbb8.jpeg,9fcee667-0ba8-423c-8dcc-ce7dfb7dfe25,1ef0626c-d005-4698-8ddc-bb8fd0f76d1e.jpeg,b94a0891-5d33-41d8-b8a4-68a7dd5d49de,745195f0-1a9b-4bc1-8900-32486b3eaea9.jpeg,0,Unburned,,,,,1,4.37,1,0,96,0,0,0,0,2,2,100,1,90,85,1,3,0,1,3,Abigail
38_pre_puc_burn3d,burn3d,Burnpro3d,puc,Pacific Union College (PUC),pre,Prefire,38,CALNU_0038_20241108_1.ptx,11/8/24,15:06,551214,4269135,26910,13.16,11.3,21,258,TRUE,1223,,,,,8,11.3,7f53c7f0-3f1d-454e-904d-8d9359b60c5d,031c2167-a4d2-4540-bd00-4d0851521f87.jpeg,577fc699-ed1a-48f1-87b8-2023de7c8d6f,6e528a50-a153-4a47-b232-8b664edb55fd.jpeg,14e9d974-ba12-4a04-98c1-eb424f263f60,420a0927-9fe6-4cab-8729-c1d22b6c51b7.jpeg,0498f159-41c6-4c4f-a757-1c852fd0a02e,d987c86c-e243-4254-abda-cac3a72b8d64.jpeg,0,Unburned,,,,,1,4.37,1,5,93,0,0,1,0,1,0,100,1,60,60,4,0,0,1,3,Abigail
40_pre_puc_burn3d,burn3d,Burnpro3d,puc,Pacific Union College (PUC),pre,Prefire,40,CALNU_0040_20241108_1.ptx,11/8/24,14:12,551174,4269175,26910,13.16,11.3,8,230,TRUE,1217,,,,,36,5.35,3e64d4e1-988a-42c3-b9a5-b9f5eb293224,d30f01fd-afdd-4988-83e7-1de10556f16e.jpeg,86881789-975f-41c3-9939-3f6108664d29,352fd90a-05cd-4eb7-98eb-8daa240dd5f2.jpeg,30e1388d-7c8d-4101-9746-8e43163abae1,7a591c01-54f2-4963-ab32-f4e3e3c8e1a6.jpeg,7db004aa-cb78-4152-b720-326008e1c7fd,ae3c97b8-fd1c-499d-b1fa-cb8a80612902.jpeg,0,Unburned,,,,,1,4.37,1,0,99,0,0,0,0,1,0,100,1,40,40,3,0,0,1,3,Abigail
41_pre_puc_burn3d,burn3d,Burnpro3d,puc,Pacific Union College (PUC),pre,Prefire,41,CALNU_0041_20241108_1.ptx,11/8/24,12:41,551260,4269177,26910,13.16,11.3,58,69,TRUE,1201,,,,,32,11.3,d971cd30-b00d-484d-8456-07e4a3da4e91,00743a3f-bb6e-4f0e-be31-6fed7035bf1a.jpeg,040f2214-c273-4e6e-8abe-da3cea8a9300,e87c9b39-360f-4d66-af18-6dd0cdae4a55.jpeg,b6d4f826-0d3a-4af5-bf3b-fd722bf962b2,cdd0f781-06ae-445e-89ef-fce7cbf773f0.jpeg,c2763bdf-9b85-4697-b85b-f2e9f906d4d7,7330495b-7790-444a-8a3a-004883197ff7.jpeg,0,Unburned,,,,,1,4.37,1,0,91,0,0,5,2,2,0,100,1,85,80,45,0,0,1,3,Abigail
45_pre_puc_burn3d,burn3d,Burnpro3d,puc,Pacific Union College (PUC),pre,Prefire,45,CALNU_0045_20241108_1.ptx,11/8/24,7:50,551220,4269331,26910,13.16,11.3,51,64,TRUE,1168,,,,,86,7.4,457979d9-67f1-4569-b655-f9ffe9f02ccd,fa4e7c46-39c4-4eb4-b0fd-9f10d7a94cf3.jpeg,9846cc83-97ba-4f23-9eab-0536f23bc3d1,bd6b4d11-86d6-4895-92c6-484758eac1a1.jpeg,e35baf35-16c2-4c51-931b-88d34c8220f1,ebd8724c-abfb-42d2-b93f-ce5e3cca4920.jpeg,9021de7d-548e-4649-889a-5c02629bf043,ae4cb534-faa6-46aa-b32f-fdb8d20e9caf.jpeg,0,Unburned,,,,Rebar placed 0.5m to the north due to discovered presence of rock underneath the duff in plot center,1,4.37,1,0,95,0,0,2,2,1,0,100,1,80,75,15,1,0,1,3,Abigail
44_pre_puc_burn3d,burn3d,Burnpro3d,puc,Pacific Union College (PUC),pre,Prefire,44,CALNU_0044_20241107_1.ptx,11/7/24,14:15,551115,4269331,26910,13.16,11.3,11,304,TRUE,1160,,,,,45,10.75,238bc435-b80c-446c-9c6d-3f3eba01b989,701772a6-b297-4a34-adf3-a5cb32787bda.jpeg,ae86432e-6f85-402e-9976-1c4331a4780f,1b7e8b99-0406-4f3d-90a2-b8f4470ebe0d.jpeg,f39362fc-bba5-4563-a1f0-0184c005b93b,788be813-c932-4afc-b02f-87b04dc2ef16.jpeg,db862ac9-ccc2-4f06-bf4b-7da1afdf034c,54f6ca2c-ba76-4039-bdea-81d22775f1da.jpeg,0,Unburned,,,,,1,4.37,1,30,64,0,0,5,0,1,0,100,1,40,35,5,0,0,1,3,Abigail
46_pre_puc_burn3d,burn3d,Burnpro3d,puc,Pacific Union College (PUC),pre,Prefire,46,CALNU_0046_20241107_1.ptx,11/7/24,11:44,551166,4269380,26910,13.16,11.3,21,14,TRUE,1145,,,,,34,3.8,8795971e-8d43-4a33-9296-369e5bc31cbe,cd8a0f00-28f6-4e9a-a87b-ff7a19f9938f.jpeg,24c6f95a-9015-4ad7-ac08-604e7131b109,5a238826-86bb-462d-87d2-0286115b6eb7.jpeg,adeb2db6-3976-48d6-a650-0cf4128b6a79,9d0aaca5-ec4d-4a60-8ef4-274f86364098.jpeg,1ae9a941-24f4-4c1a-8785-fcdaf979be21,3eae15ae-ce74-4561-94f3-826a0d07b4d2.jpeg,0,Unburned,,,,,1,4.37,1,0,99,0,0,0,0,1,0,100,1,70,60,22,2,0,1,3,Abigail