SPCD,COMMON_NAME,SCI_NAME,SPGRPCD.E,SPGRPCD.W,MAJGRP,OCC.NC,OCC.NE,OCC.PNW,OCC.RM,OCC.SO,PFT
10,fir spp. ,Abies spp,6,12,2,X,X,-,-,X,Evergreen conifer
11,Pacific silver fir,Abies amabilis,9,12,2,-,-,X,-,-,Evergreen conifer
12,balsam fir ,Abies balsamea,6,12,2,X,X,-,-,X,Evergreen conifer
14,Santa Lucia or bristlecone fir,Abies bracteata,9,12,2,-,-,X,-,-,Evergreen conifer
15,white fir ,Abies concolor,9,12,2,X,-,X,X,X,Evergreen conifer
16,Fraser fir,Abies fraseri,9,12,2,X,X,-,-,X,Evergreen conifer
17,grand fir ,Abies grandis,9,12,2,-,-,X,X,-,Evergreen conifer
18,corkbark fir,Abies lasiocarpa var. arizonica,9,12,2,-,-,-,X,X,Evergreen conifer
19,subalpine fir,Abies lasiocarpa,9,12,2,-,-,X,X,X,Evergreen conifer
20,California red fir,Abies magnifica,9,12,2,-,-,X,X,-,Evergreen conifer
21,Shasta red fir,Abies shastensis,9,12,2,-,-,X,X,-,Evergreen conifer
22,noble fir,Abies procera,9,12,2,-,-,X,X,-,Evergreen conifer
40,white-cedar spp.,Chamaecyparis spp.,9,24,2,-,X,X,-,-,Evergreen conifer
41,Port-Orford-cedar,Chamaecyparis lawsoniana,9,24,2,-,-,X,-,-,Evergreen conifer
42,Alaska yellow-cedar,Chamaecyparis nootkatensis,9,24,2,-,-,X,-,-,Evergreen conifer
43,Atlantic white-cedar,Chamaecyparis thyoides,9,24,2,-,X,-,-,X,Evergreen conifer
50,cypress,Cupressus spp.,9,24,2,-,-,X,-,-,Evergreen conifer
51,Arizona cypress,Cupressus arizonica,9,24,2,-,-,X,X,X,Evergreen conifer
52,Baker or Modoc cypress,Cupressus bakeri,9,24,2,-,-,X,-,-,Evergreen conifer
53,Tecate cypress,Cupressus forbesii,9,24,2,-,-,X,-,-,Evergreen conifer
54,Monterey cypress,Cupressus macrocarpa,9,24,2,-,-,X,-,-,Evergreen conifer
55,Sargent's cypress,Cupressus sargentii,9,24,2,-,-,X,-,-,Evergreen conifer
56,MacNab's cypress,Cupressus macnabiana,9,24,2,-,-,X,-,-,Evergreen conifer
57,redcedar/juniper spp.,Juniperus spp.,9,23,2,X,X,-,-,X,Evergreen conifer
58,Pinchot juniper,Juniperus pinchotii,23,23,2,-,-,-,X,X,Evergreen conifer
59,redberry juniper,Juniperus coahuilensis,23,23,2,-,-,-,X,X,Evergreen conifer
60,drooping juniper,Juniperus flaccida,23,23,2,-,-,-,-,X,Evergreen conifer
61,Ashe juniper,Juniperus ashei,23,23,2,X,-,-,-,X,Evergreen conifer
62,California juniper,Juniperus californica,23,23,2,-,-,X,X,-,Evergreen conifer
63,alligator juniper,Juniperus deppeana,23,23,2,-,-,-,X,X,Evergreen conifer
64,western juniper,Juniperus occidentalis,9,24,2,-,-,X,X,-,Evergreen conifer
65,Utah juniper,Juniperus osteosperma,23,23,2,-,-,X,X,X,Evergreen conifer
66,Rocky Mountain juniper,Juniperus scopulorum,23,23,2,X,-,X,X,X,Evergreen conifer
67,southern redcedar,Juniperus virginiana var. silicicola,9,24,2,-,-,-,-,X,Evergreen conifer
68,eastern redcedar,Juniperus virginiana,9,24,2,X,X,-,X,X,Evergreen conifer
69,oneseed juniper,Juniperus monosperma,23,23,2,-,-,-,X,X,Evergreen conifer
70,larch spp.,Larix spp.,9,24,2,X,X,-,-,-,Deciduous confier
71,tamarack (native),Larix laricina,9,24,2,X,X,X,-,-,Deciduous confier
72,subalpine larch,Larix lyallii,9,24,2,-,-,X,X,-,Deciduous confier
73,western larch,Larix occidentalis,9,19,2,-,-,X,X,-,Deciduous confier
81,incense-cedar,Calocedrus decurrens,9,20,2,-,-,X,X,-,Evergreen conifer
90,spruce spp.,Picea spp.,6,18,2,X,X,-,-,X,Evergreen conifer
91,Norway spruce,Picea abies,9,18,2,X,X,-,-,X,Evergreen conifer
92,Brewer spruce,Picea breweriana,9,18,2,-,-,X,-,-,Evergreen conifer
93,Engelmann spruce,Picea engelmannii,9,18,2,X,-,X,X,X,Evergreen conifer
94,white spruce,Picea glauca,6,18,2,X,X,X,X,X,Evergreen conifer
95,black spruce,Picea mariana,6,18,2,X,X,X,-,X,Evergreen conifer
96,blue spruce,Picea pungens,9,18,2,X,X,-,X,X,Evergreen conifer
97,red spruce,Picea rubens,6,18,2,-,X,-,-,X,Evergreen conifer
98,Sitka spruce,Picea sitchensis,9,17,2,-,-,X,-,-,Evergreen conifer
100,pine spp.,Pinus spp.,9,24,1,X,X,X,-,X,Evergreen conifer
101,whitebark pine,Pinus albicaulis,9,24,1,-,-,X,X,-,Evergreen conifer
102,Rocky Mountain bristlecone pine,Pinus aristata,9,24,1,-,-,X,X,X,Evergreen conifer
103,knobcone pine,Pinus attenuata,9,24,1,-,-,X,X,-,Evergreen conifer
104,foxtail pine,Pinus balfouriana,9,24,1,-,-,X,X,-,Evergreen conifer
105,jack pine,Pinus banksiana,5,24,1,X,X,-,-,-,Evergreen conifer
106,common or two-needle pinyon,Pinus edulis,23,23,1,-,-,X,X,X,Evergreen conifer
107,sand pine,Pinus clausa,3,24,1,-,-,-,-,X,Evergreen conifer
108,lodgepole pine,Pinus contorta,9,21,1,X,-,X,X,-,Evergreen conifer
109,Coulter pine,Pinus coulteri,9,24,1,-,-,X,-,-,Evergreen conifer
110,shortleaf pine,Pinus echinata,2,24,1,X,X,-,-,X,Evergreen conifer
111,slash pine,Pinus elliottii,1,24,1,-,-,-,-,X,Evergreen conifer
112,Apache pine,Pinus engelmannii,9,24,1,-,-,-,X,-,Evergreen conifer
113,limber pine,Pinus flexilis,9,24,1,X,-,X,X,X,Evergreen conifer
114,southwestern white pine,Pinus strobiformis,9,24,1,-,-,-,X,X,Evergreen conifer
115,spruce pine,Pinus glabra,3,24,1,-,-,-,-,X,Evergreen conifer
116,Jeffrey pine,Pinus jeffreyi,9,11,1,-,-,X,X,-,Evergreen conifer
117,sugar pine,Pinus lambertiana,9,14,1,-,-,X,X,-,Evergreen conifer
118,Chihuahuan pine,Pinus leiophylla,9,24,1,-,-,-,X,X,Evergreen conifer
119,western white pine,Pinus monticola,9,15,1,-,-,X,X,-,Evergreen conifer
120,bishop pine,Pinus muricata,9,24,1,-,-,X,-,-,Evergreen conifer
121,longleaf pine,Pinus palustris,1,24,1,-,-,-,-,X,Evergreen conifer
122,ponderosa pine,Pinus ponderosa,9,11,1,X,-,X,X,X,Evergreen conifer
123,Table Mountain pine,Pinus pungens,3,24,1,-,X,-,-,X,Evergreen conifer
124,Monterey pine,Pinus radiata,9,24,1,-,-,X,-,-,Evergreen conifer
125,red pine,Pinus resinosa,4,24,1,X,X,-,-,X,Evergreen conifer
126,pitch pine,Pinus rigida,3,24,1,-,X,-,-,X,Evergreen conifer
127,gray or California foothill pine,Pinus sabiniana,9,24,1,-,-,X,-,-,Evergreen conifer
128,pond pine,Pinus serotina,3,24,1,-,X,-,-,X,Evergreen conifer
129,eastern white pine,Pinus strobus,4,24,1,X,X,-,-,X,Evergreen conifer
130,Scotch pine,Pinus sylvestris,3,24,1,X,X,X,X,X,Evergreen conifer
131,loblolly pine,Pinus taeda,2,24,1,X,X,-,-,X,Evergreen conifer
132,Virginia pine,Pinus virginiana,3,24,1,X,X,-,-,X,Evergreen conifer
133,singleleaf pinyon,Pinus monophylla,23,23,1,-,-,X,X,X,Evergreen conifer
134,border pinyon,Pinus discolor,23,23,1,-,-,-,X,X,Evergreen conifer
135,Arizona pine,Pinus arizonica,9,11,1,-,-,-,X,X,Evergreen conifer
136,Austrian pine,Pinus nigra,9,24,1,X,X,-,X,X,Evergreen conifer
137,Washoe pine,Pinus washoensis,9,24,1,-,-,X,X,-,Evergreen conifer
138,four-leaf or Parry pinyon pine,Pinus quadrifolia,23,23,1,-,-,X,-,-,Evergreen conifer
139,Torrey pine,Pinus torreyana,9,24,1,-,-,X,-,-,Evergreen conifer
140,Mexican pinyon pine,Pinus cembroides,23,23,1,-,-,-,X,X,Evergreen conifer
141,papershell pinyon pine,Pinus remota,23,23,1,-,-,-,-,X,Evergreen conifer
142,Great Basin bristlecone pine,Pinus longaeva,9,24,1,-,-,X,X,-,Evergreen conifer
143,Arizona pinyon pine,Pinus monophylla var. fallax,23,23,1,-,-,-,X,X,Evergreen conifer
144,Honduras pine,Pinus elliottii var. elliottii,9,24,1,-,-,-,-,X,Evergreen conifer
200,Douglas-fir spp.,Pseudotsuga spp.,9,10,2,X,-,X,-,-,Evergreen conifer
201,bigcone Douglas-fir,Pseudotsuga macrocarpa,9,10,2,-,-,X,-,-,Evergreen conifer
202,Douglas-fir,Pseudotsuga menziesii,9,10,2,X,X,X,X,X,Evergreen conifer
211,redwood,Sequoia sempervirens,9,16,2,-,-,X,-,-,Evergreen conifer
212,giant sequoia,Sequoiadendron giganteum,9,24,2,-,-,X,-,-,Evergreen conifer
220,baldcypress spp.,Taxodium spp.,9,24,2,X,X,-,-,X,Deciduous confier
221,baldcypress,Taxodium distichum,8,24,2,X,X,-,-,X,Deciduous confier
222,pondcypress,Taxodium ascendens,8,24,2,-,X,-,-,X,Deciduous confier
223,Montezuma baldcypress,Taxodium mucronatum,8,24,2,-,-,-,-,X,Deciduous confier
230,yew spp.,Taxus spp.,9,24,2,X,-,X,-,-,Evergreen conifer
231,Pacific yew,Taxus brevifolia,9,24,2,-,-,X,X,-,Evergreen conifer
232,Florida yew,Taxus floridana,9,24,2,-,-,-,-,X,Evergreen conifer
240,thuja spp.,Thuja spp.,9,24,2,X,-,X,-,-,Evergreen conifer
241,northern white-cedar,Thuja occidentalis,9,24,2,X,X,-,-,X,Evergreen conifer
242,western redcedar,Thuja plicata,9,22,2,-,-,X,X,-,Evergreen conifer
250,torreya (nutmeg) spp.,Torreya spp.,9,24,2,-,-,X,-,-,Evergreen conifer
251,California torreya (nutmeg),Torreya californica,9,24,2,-,-,X,-,-,Evergreen conifer
252,Florida torreya (nutmeg),Torreya taxifolia,9,24,2,-,-,-,-,X,Evergreen conifer
260,hemlock spp.,Tsuga spp.,7,24,2,X,X,-,-,X,Evergreen conifer
261,eastern hemlock,Tsuga canadensis,7,24,2,X,X,-,-,X,Evergreen conifer
262,Carolina hemlock,Tsuga caroliniana,7,24,2,-,-,-,-,X,Evergreen conifer
263,western hemlock,Tsuga heterophylla,9,13,2,-,-,X,X,-,Evergreen conifer
264,mountain hemlock,Tsuga mertensiana,9,24,2,-,-,X,X,-,Evergreen conifer
299,Unknown dead conifer,Tree evergreen,9,24,2,X,X,X,-,X,Evergreen conifer
300,acacia spp.,Acacia spp.,48,48,3,-,-,X,-,-,Nitrogen fixing legumes
303,sweet acacia,Acacia farnesiana,48,48,3,-,-,-,-,X,Nitrogen fixing legumes
304,catclaw acacia,Acacia greggii,48,48,3,-,-,X,-,X,Nitrogen fixing legumes
310,maple spp.,Acer spp.,31,47,4,X,X,-,-,X,Deciduous broadleaf
311,Florida maple,Acer barbatum,31,47,4,-,-,-,-,X,Deciduous broadleaf
312,bigleaf maple,Acer macrophyllum,43,47,3,-,-,X,-,X,Deciduous broadleaf
313,boxelder,Acer negundo,41,47,3,X,X,X,X,X,Deciduous broadleaf
314,black maple,Acer nigrum,31,47,4,X,X,-,-,X,Deciduous broadleaf
315,striped maple,Acer pensylvanicum,43,47,3,X,X,-,-,X,Deciduous broadleaf
316,red maple,Acer rubrum,32,47,3,X,X,-,-,X,Deciduous broadleaf
317,silver maple,Acer saccharinum,32,47,3,X,X,-,-,X,Deciduous broadleaf
318,sugar maple,Acer saccharum,31,47,4,X,X,-,-,X,Deciduous broadleaf
319,mountain maple,Acer spicatum,43,47,4,X,X,-,-,X,Deciduous broadleaf
320,Norway maple,Acer platanoides,31,47,4,X,X,X,-,X,Deciduous broadleaf
321,Rocky Mountain maple,Acer glabrum,48,48,4,X,-,X,-,X,Deciduous broadleaf
322,bigtooth maple,Acer grandidentatum,48,48,4,-,-,X,X,X,Deciduous broadleaf
323,chalk maple,Acer leucoderme,31,47,4,-,-,-,-,X,Deciduous broadleaf
330,buckeye or  horsechestnut spp.,Aesculus spp.,41,47,3,X,X,X,-,X,Deciduous broadleaf
331,Ohio buckeye,Aesculus glabra,41,47,3,X,X,-,-,X,Deciduous broadleaf
332,yellow buckeye,Aesculus flava,43,47,3,X,X,-,-,X,Deciduous broadleaf
333,California buckeye,Aesculus californica,41,47,3,-,-,X,-,-,Deciduous broadleaf
334,Texas buckeye,Aesculus glabra var. arguta,41,47,3,X,-,-,-,X,Deciduous broadleaf
336,red buckeye,Aesculus pavia,43,47,3,X,X,-,-,X,Deciduous broadleaf
337,painted buckeye,Aesculus sylvatica,41,47,3,-,-,-,-,X,Deciduous broadleaf
341,ailanthus,Ailanthus altissima,43,47,4,X,X,X,-,X,Deciduous broadleaf
345,mimosa or  silktree,Albizia julibrissin,43,47,3,X,X,-,-,X,Nitrogen fixing legumes
350,alder spp.,Alnus spp.,41,47,3,X,-,X,-,X,Deciduous broadleaf
351,red alder,Alnus rubra,43,45,3,-,-,X,X,X,Deciduous broadleaf
352,white alder,Alnus rhombifolia,43,47,3,-,-,X,X,-,Deciduous broadleaf
353,Arizona alder,Alnus oblongifolia,43,47,3,-,-,X,X,X,Deciduous broadleaf
355,European alder,Alnus glutinosa,43,47,3,X,X,-,-,X,Deciduous broadleaf
356,serviceberry spp.,Amelanchier spp.,43,47,4,X,X,-,-,X,Deciduous shrubs
357,common serviceberry,Amelanchier arborea,43,47,4,X,X,-,-,-,Deciduous shrubs
358,roundleaf serviceberry,Amelanchier sanguinea,43,47,4,X,X,-,-,-,Deciduous shrubs
360,madrone spp.,Arbutus spp.,43,47,4,-,-,X,-,X,Evergreen broadleaf
361,Pacific madrone,Arbutus menziesii,43,47,4,-,-,X,X,-,Evergreen broadleaf
362,Arizona madrone,Arbutus arizonica,43,47,4,-,-,X,X,X,Evergreen broadleaf
363,Texas madrone,Arbutus xalapensis,48,48,4,-,-,-,-,X,Evergreen broadleaf
367,pawpaw,Asimina triloba,43,47,3,X,X,-,-,X,Deciduous shrubs
370,birch spp.,Betula spp.,41,47,4,X,X,-,-,X,Deciduous broadleaf
371,yellow birch,Betula alleghaniensis,30,47,4,X,X,-,-,X,Deciduous broadleaf
372,sweet birch,Betula lenta,42,47,4,X,X,-,-,X,Deciduous broadleaf
373,river birch,Betula nigra,41,47,3,X,X,-,-,X,Deciduous broadleaf
374,water birch,Betula occidentalis,41,47,3,X,-,X,X,X,Deciduous broadleaf
375,paper birch,Betula papyrifera,41,47,3,X,X,X,X,X,Deciduous broadleaf
377,Virginia roundleaf birch,Betula uber,41,47,3,-,-,-,-,X,Deciduous broadleaf
378,northwestern paper birch,Betula x utahensis,43,47,3,-,-,X,-,-,Deciduous broadleaf
379,gray birch,Betula populifolia,41,47,3,X,X,-,-,X,Deciduous broadleaf
381,chittamwood or  gum bumelia, Sideroxylon lanuginosum ssp. lanuginosum,43,47,4,X,-,-,-,X,Deciduous
391,American hornbeam or  musclewood,Carpinus caroliniana,43,47,4,X,X,-,-,X,Deciduous broadleaf
400,hickory spp.,Carya spp.,29,47,4,X,X,-,-,X,Deciduous broadleaf
401,water hickory,Carya aquatica,29,47,4,X,X,-,-,X,Deciduous broadleaf
402,bitternut hickory,Carya cordiformis,29,47,4,X,X,-,-,X,Deciduous broadleaf
403,pignut hickory,Carya glabra,29,47,4,X,X,-,-,X,Deciduous broadleaf
404,pecan,Carya illinoinensis,29,47,4,X,X,-,X,X,Deciduous broadleaf
405,shellbark hickory,Carya laciniosa,29,47,4,X,X,-,-,X,Deciduous broadleaf
406,nutmeg hickory,Carya myristiciformis,29,47,4,-,-,-,-,X,Deciduous broadleaf
407,shagbark hickory,Carya ovata,29,47,4,X,X,-,-,X,Deciduous broadleaf
408,black hickory,Carya texana,29,47,4,X,-,-,-,X,Deciduous broadleaf
409,mockernut hickory,Carya alba,29,47,4,X,X,-,-,X,Deciduous broadleaf
410,sand hickory,Carya pallida,29,47,4,X,X,-,-,X,Deciduous broadleaf
411,scrub hickory,Carya floridana,29,47,4,-,-,-,-,X,Deciduous broadleaf
412,red hickory,Carya ovalis,29,47,4,X,X,-,-,X,Deciduous broadleaf
413,southern shagbark hickory,Carya carolinae-septentrionalis,29,47,4,-,-,-,-,X,Deciduous broadleaf
420,chestnut spp.,Castanea spp.,43,47,3,X,X,-,-,X,Deciduous broadleaf
421,American chestnut,Castanea dentata,43,47,3,X,X,-,-,X,Deciduous broadleaf
422,Allegheny chinkapin,Castanea pumila,43,47,3,X,X,-,-,X,Deciduous broadleaf
423,Ozark chinkapin,Castanea pumila var. ozarkensis,43,47,3,X,-,-,-,X,Deciduous broadleaf
424,Chinese chestnut,Castanea mollissima,43,47,3,X,X,-,-,X,Deciduous broadleaf
431,giant chinkapin or  golden chinkapin,Chrysolepis chrysophylla var. chrysophylla,43,47,3,-,-,X,-,-,Evergreen broadleaf
450,catalpa spp.,Catalpa spp.,42,47,4,X,X,-,-,X,Deciduous broadleaf
451,southern catalpa,Catalpa bignonioides,43,47,4,X,-,-,-,X,Deciduous broadleaf
452,northern catalpa,Catalpa speciosa,41,47,3,X,X,-,-,X,Deciduous broadleaf
460,hackberry spp.,Celtis spp.,41,47,3,X,X,-,-,X,Deciduous broadleaf
461,sugarberry,Celtis laevigata,41,47,3,X,X,-,X,X,Deciduous broadleaf
462,hackberry,Celtis occidentalis,41,47,3,X,X,-,X,X,Deciduous broadleaf
463,netleaf hackberry,Celtis laevigata var. reticulata,41,47,3,X,-,-,-,X,Deciduous broadleaf
471,eastern redbud,Cercis canadensis,43,47,3,X,X,-,-,X,Deciduous broadleaf
475,curlleaf mountain-mahogany,Cercocarpus ledifolius,48,48,4,-,-,X,X,X,Deciduous broadleaf
481,yellowwood,Cladrastis kentukea,43,47,4,X,X,-,-,X,Deciduous broadleaf
490,dogwood spp.,Cornus spp.,43,47,4,X,X,X,-,-,Deciduous broadleaf
491,flowering dogwood,Cornus florida,42,47,4,X,X,-,-,X,Deciduous broadleaf
492,Pacific dogwood,Cornus nuttallii,43,47,4,-,-,X,X,X,Deciduous broadleaf
500,hawthorn spp.,Crataegus spp.,43,47,4,X,X,X,-,X,Deciduous shrubs
501,cockspur hawthorn,Crataegus crus-galli,43,47,4,X,X,-,-,X,Deciduous shrubs
502,downy hawthorn,Crataegus mollis,43,47,4,X,X,-,-,X,Deciduous shrubs
503,Brainerd's hawthorn,Crataegus brainerdii,43,47,4,X,X,-,-,X,Deciduous shrubs
504,pear hawthorn,Crataegus calpodendron,43,47,4,X,X,-,-,X,Deciduous shrubs
505,fireberry hawthorn,Crataegus chrysocarpa,43,47,4,X,X,-,-,X,Deciduous shrubs
506,broadleaf hawthorn,Crataegus dilatata,43,47,4,X,X,-,-,X,Deciduous shrubs
507,fanleaf hawthorn,Crataegus flabellata,43,47,4,X,X,-,-,X,Deciduous shrubs
508,oneseed hawthorn,Crataegus monogyna,43,47,4,X,X,-,-,X,Deciduous shrubs
509,scarlet hawthorn,Crataegus pedicellata,43,47,4,X,X,-,-,X,Deciduous shrubs
510,eucalyptus spp.,Eucalyptus spp.,42,47,4,-,-,X,-,X,Evergreen broadleaf
511,Tasmanian bluegum,Eucalyptus globulus,43,47,4,-,-,X,-,-,Evergreen broadleaf
512,river redgum,Eucalyptus camaldulensis,43,47,4,-,-,X,-,-,Evergreen broadleaf
513,grand eucalyptus,Eucalyptus grandis,43,47,4,-,-,X,-,X,Evergreen broadleaf
514,swampmahogany,Eucalyptus robusta,43,47,4,-,-,-,-,X,Evergreen broadleaf
520,persimmon spp.,Diospyros spp.,43,47,4,X,X,-,-,X,Deciduous and evergreen trees
521,common persimmon,Diospyros virginiana,42,47,4,X,X,-,-,X,Deciduous
522,Texas persimmon,Diospyros texana,43,47,4,-,-,-,-,X,Shrub
523,Anacua knockaway,Ehretia anacua,48,48,3,-,-,-,-,X,Flowering plants
531,American beech,Fagus grandifolia,33,47,4,X,X,-,-,X,Deciduous broadleaf
540,ash spp.,Fraxinus spp.,36,47,3,X,X,X,-,X,Deciduous
541,white ash,Fraxinus americana,36,47,4,X,X,-,-,X,Deciduous
542,Oregon ash,Fraxinus latifolia,43,47,4,-,-,X,-,-,Deciduous
543,black ash,Fraxinus nigra,36,47,3,X,X,-,-,X,Deciduous
544,green ash,Fraxinus pennsylvanica,36,47,4,X,X,-,X,X,Deciduous
545,pumpkin ash,Fraxinus profunda,36,47,3,X,X,-,-,X,Deciduous
546,blue ash,Fraxinus quadrangulata,36,47,4,X,X,-,-,X,Deciduous
547,velvet ash,Fraxinus velutina,43,47,4,-,-,X,X,X,Deciduous
548,Carolina ash,Fraxinus caroliniana,36,47,4,-,-,-,-,X,Deciduous
549,Texas ash,Fraxinus texensis,36,47,3,-,-,-,-,X,Deciduous
550,honeylocust spp.,Gleditsia spp.,42,47,4,X,X,X,-,X,Deciduous
551,waterlocust,Gleditsia aquatica,42,47,4,X,-,-,-,X,Deciduous
552,honeylocust,Gleditsia triacanthos,42,47,4,X,X,-,X,X,Deciduous
555,loblolly-bay,Gordonia lasianthus,41,47,3,-,-,-,-,X,Evergreen conifer
561,ginkgo or  maidenhair tree,Ginkgo biloba,43,47,3,X,X,X,-,X,Deciduous gymnosperm
571,Kentucky coffeetree,Gymnocladus dioicus,42,47,4,X,X,-,-,X,Deciduous
580,silverbell spp.,Halesia spp.,43,47,3,X,X,-,-,X,Deciduous
581,Carolina silverbell,Halesia carolina,41,47,3,-,-,-,-,X,Deciduous
582,two-wing silverbell,Halesia diptera,41,47,3,-,-,-,-,X,Deciduous
583,little silverbell,Halesia parviflora,41,47,3,-,-,-,-,X,Deciduous
591,American holly,Ilex opaca,42,47,4,X,X,X,-,X,Evergreen
600,walnut spp.,Juglans spp.,41,47,4,X,X,X,-,X,Deciduous
601,butternut,Juglans cinerea,41,47,3,X,X,-,-,X,Deciduous
602,black walnut,Juglans nigra,40,47,4,X,X,X,X,X,Deciduous
603,northern California black walnut, Juglans hindsii,43,47,4,-,-,X,-,-,Deciduous
604,southern California black walnut, Juglans californica,43,47,4,-,-,X,-,-,Deciduous
605,Texas walnut,Juglans microcarpa,41,47,4,X,-,-,-,X,Deciduous
606,Arizona walnut,Juglans major,43,47,4,-,-,X,X,X,Deciduous
611,sweetgum,Liquidambar styraciflua,34,47,3,X,X,X,-,X,Deciduous
621,yellow-poplar,Liriodendron tulipifera,39,47,3,X,X,-,-,X,Deciduous
631,tanoak,Lithocarpus densiflorus,43,47,4,-,-,X,-,-,Deciduous
641,Osage-orange,Maclura pomifera,43,47,4,X,X,-,-,X,Flowering plants
650,magnolia spp.,Magnolia spp.,41,47,3,X,X,-,-,X,Deciduous
651,cucumbertree,Magnolia acuminata,41,47,3,X,X,-,-,X,Deciduous
652,southern magnolia,Magnolia grandiflora,41,47,3,-,X,-,-,X,Deciduous
653,sweetbay,Magnolia virginiana,43,47,3,-,X,-,-,X,Deciduous
654,bigleaf magnolia,Magnolia macrophylla,43,47,4,-,X,-,-,X,Deciduous
655,mountain or Fraser magnolia,Magnolia fraseri,41,47,3,-,X,-,-,X,Deciduous
657,pyramid magnolia,Magnolia pyramidata,41,47,3,-,-,-,-,X,Deciduous
658,umbrella magnolia,Magnolia tripetala,41,47,3,X,X,-,-,X,Deciduous
660,apple spp.,Malus spp.,43,47,4,X,X,X,-,X,Deciduous
661,Oregon crab apple,Malus fusca,43,47,4,-,-,X,-,-,Deciduous
662,southern crab apple,Malus angustifolia,43,47,4,X,X,-,-,X,Deciduous
663,sweet crab apple,Malus coronaria,43,47,4,X,X,-,-,X,Deciduous
664,prairie crab apple,Malus ioensis,43,47,4,X,-,-,-,X,Deciduous
680,mulberry spp.,Morus spp.,42,47,4,X,X,-,-,X,Deciduous
681,white mulberry,Morus alba,42,47,4,X,X,-,-,X,Deciduous
682,red mulberry,Morus rubra,42,47,4,X,X,-,-,X,Deciduous
683,Texas mulberry,Morus microphylla,42,47,4,-,-,-,-,X,Deciduous
684,black mulberry,Morus nigra,43,47,4,-,X,-,-,X,Deciduous
690,tupelo spp.,Nyssa spp.,35,47,3,X,X,-,-,X,Deciduous
691,water tupelo,Nyssa aquatica,35,47,3,X,-,-,-,X,Deciduous
692,Ogeechee tupelo,Nyssa ogeche,43,47,4,-,-,-,-,X,Deciduous
693,blackgum,Nyssa sylvatica,35,47,3,X,X,-,-,X,Deciduous
694,swamp tupelo,Nyssa biflora,35,47,3,X,X,-,-,X,Deciduous
701,eastern hophornbeam,Ostrya virginiana,43,47,4,X,X,-,-,X,Deciduous
711,sourwood,Oxydendrum arboreum,43,47,4,X,X,-,-,X,Deciduous
712,paulownia or  empress-tree,Paulownia tomentosa,41,47,3,X,X,-,-,X,Deciduous hardwood
720,bay spp.,Persea spp.,43,47,3,-,X,-,-,X,Evergreen
721,redbay,Persea borbonia,41,47,3,-,-,-,-,X,Evergreen
722,water-elm or  planertree,Planera aquatica,43,47,3,X,-,-,-,X,Deciduous
729,sycamore spp.,Platanus spp.,41,47,3,X,X,X,-,X,Deciduous
730,California sycamore,Platanus racemosa,43,47,3,-,-,X,-,-,Deciduous
731,American sycamore,Platanus occidentalis,41,47,3,X,X,X,-,X,Deciduous
732,Arizona sycamore,Platanus wrightii,41,47,3,-,-,X,X,X,Deciduous
740,cottonwood and poplar spp.,Populus spp.,37,44,3,X,X,-,-,X,Deciduous
741,balsam poplar,Populus balsamifera,37,44,3,X,X,-,X,X,Deciduous
742,eastern cottonwood,Populus deltoides,37,44,3,X,X,-,X,X,Deciduous
743,bigtooth aspen,Populus grandidentata,37,44,3,X,X,-,-,X,Deciduous
744,swamp cottonwood,Populus heterophylla,37,44,3,X,X,-,-,X,Deciduous
745,plains cottonwood,Populus deltoides ssp. monilifera,37,44,3,X,-,-,X,X,Deciduous
746,quaking aspen,Populus tremuloides,37,44,3,X,X,X,X,X,Deciduous
747,black cottonwood,Populus balsamifera ssp. trichocarpa,37,44,4,X,-,X,X,-,Deciduous
748,Fremont cottonwood,Populus fremontii,37,44,4,-,-,X,X,X,Deciduous
749,narrowleaf cottonwood,Populus angustifolia,37,44,3,X,-,-,X,X,Deciduous
752,silver poplar,Populus alba,37,44,3,X,X,-,-,X,Deciduous
753,Lombardy poplar,Populus nigra,37,44,3,X,X,X,-,X,Deciduous
755,mesquite spp.,Prosopis spp.,48,48,4,-,-,-,-,X,Deciduous
756,honey mesquite,Prosopis glandulosa,48,48,4,-,-,X,X,X,Deciduous
757,velvet mesquite,Prosopis velutina,48,48,4,-,-,X,X,X,Deciduous
758,screwbean mesquite,Prosopis pubescens,48,48,4,-,-,X,X,X,Deciduous
760,cherry and plum spp.,Prunus spp.,43,47,4,X,X,X,-,X,Flowering plants
761,pin cherry,Prunus pensylvanica,43,47,3,X,X,-,-,X,Flowering plants
762,black cherry,Prunus serotina,41,47,3,X,X,-,-,X,Flowering plants
763,chokecherry,Prunus virginiana,43,47,4,X,X,X,-,X,Flowering plants
764,peach,Prunus persica,43,47,3,X,X,-,-,X,Flowering plants
765,Canada plum,Prunus nigra,43,47,4,X,X,-,-,X,Flowering plants
766,American plum,Prunus americana,43,47,4,X,X,-,-,X,Flowering plants
768,bitter cherry,Prunus emarginata,43,47,4,-,-,X,-,-,Flowering plants
769,Allegheny plum,Prunus alleghaniensis,43,47,3,X,X,-,-,X,Flowering plants
770,Chickasaw plum,Prunus angustifolia,43,47,3,X,X,-,-,X,Flowering plants
771,sweet cherry or  domesticated,Prunus avium,43,47,3,X,X,X,-,X,Flowering plants
772,sour cherry or  domesticated,Prunus cerasus,43,47,3,X,X,X,-,-,Flowering plants
773,European plum or  domesticated,Prunus domestica,43,47,3,X,X,X,-,-,Flowering plants
774,Mahaleb cherry or  domesticated,Prunus mahaleb,43,47,3,X,X,X,-,-,Flowering plants
800,oak spp.,Quercus spp.,42,48,4,X,X,X,-,X,Tree
801,California live oak,Quercus agrifolia,43,46,4,-,-,X,-,-,Evergreen broadleaf
802,white oak,Quercus alba,25,47,4,X,X,-,-,X,Deciduous broadleaf
803,Arizona white oak,Quercus arizonica,48,48,4,-,-,-,X,X,Deciduous broadleaf
804,swamp white oak,Quercus bicolor,25,47,4,X,X,-,-,X,Deciduous broadleaf
805,canyon live oak,Quercus chrysolepis,43,46,4,-,-,X,-,-,Evergreen broadleaf
806,scarlet oak,Quercus coccinea,28,47,4,X,X,-,-,X,Deciduous broadleaf
807,blue oak,Quercus douglasii,43,46,4,-,-,X,-,-,Deciduous broadleaf
808,Durand oak,Quercus sinuata var. sinuata,25,47,4,-,-,-,-,X,Deciduous broadleaf
809,northern pin oak,Quercus ellipsoidalis,28,47,4,X,X,-,-,X,Deciduous broadleaf
810,Emory oak,Quercus emoryi,48,48,4,-,-,-,X,X,Evergreen broadleaf
811,Engelmann oak,Quercus engelmannii,43,46,4,-,-,X,-,-,Evergreen broadleaf
812,southern red oak,Quercus falcata,28,47,4,X,X,-,-,X,Deciduous broadleaf
813,cherrybark oak,Quercus pagoda,26,47,4,X,X,-,-,X,Deciduous broadleaf
814,Gambel oak,Quercus gambelii,48,48,4,-,-,-,X,X,Deciduous broadleaf
815,Oregon white oak,Quercus garryana,43,46,4,-,-,X,-,-,Deciduous broadleaf
816,scrub oak,Quercus ilicifolia,43,47,4,-,X,-,-,X,Deciduous broadleaf
817,shingle oak,Quercus imbricaria,28,47,4,X,X,-,-,X,Deciduous broadleaf
818,California black oak,Quercus kelloggii,43,46,4,-,-,X,-,-,Deciduous broadleaf
819,turkey oak,Quercus laevis,43,47,4,-,-,-,-,X,Deciduous broadleaf
820,laurel oak,Quercus laurifolia,28,47,4,-,X,-,-,X,Evergreen broadleaf
821,California white oak,Quercus lobata,43,46,4,-,-,X,-,-,Deciduous broadleaf
822,overcup oak,Quercus lyrata,27,47,4,X,X,-,-,X,Deciduous broadleaf
823,bur oak,Quercus macrocarpa,25,47,4,X,X,-,X,X,Deciduous broadleaf
824,blackjack oak,Quercus marilandica,28,47,4,X,X,-,-,X,Deciduous broadleaf
825,swamp chestnut oak,Quercus michauxii,25,47,4,X,X,-,-,X,Deciduous broadleaf
826,chinkapin oak,Quercus muehlenbergii,25,47,4,X,X,X,X,X,Deciduous broadleaf
827,water oak,Quercus nigra,28,47,4,X,X,-,-,X,Deciduous broadleaf
828,Texas red oak,Quercus texana,28,47,4,X,-,-,-,X,Deciduous broadleaf
829,Mexican blue oak,Quercus oblongifolia,48,48,4,-,-,-,X,X,Evergreen broadleaf
830,pin oak,Quercus palustris,28,47,4,X,X,-,-,X,Deciduous broadleaf
831,willow oak,Quercus phellos,28,47,4,X,X,-,-,X,Deciduous broadleaf
832,chestnut oak,Quercus prinus,27,47,4,X,X,-,-,X,Deciduous broadleaf
833,northern red oak,Quercus rubra,26,47,4,X,X,-,-,X,Deciduous broadleaf
834,Shumard oak,Quercus shumardii,26,47,4,X,X,-,-,X,Deciduous broadleaf
835,post oak,Quercus stellata,27,47,4,X,X,-,-,X,Deciduous broadleaf
836,Delta post oak,Quercus similis,27,47,4,-,-,-,-,X,Deciduous broadleaf
837,black oak,Quercus velutina,28,47,4,X,X,-,-,X,Deciduous broadleaf
838,live oak,Quercus virginiana,27,47,4,-,-,-,-,X,Evergreen broadleaf
839,interior live oak,Quercus wislizeni,43,46,4,-,-,X,-,-,Evergreen broadleaf
840,dwarf post oak,Quercus margarettiae,27,47,4,X,-,-,-,X,Deciduous broadleaf
841,dwarf live oak,Quercus minima,27,47,4,-,-,-,-,X,Evergreen broadleaf
842,bluejack oak,Quercus incana,43,47,4,-,-,-,-,X,Deciduous broadleaf
843,silverleaf oak,Quercus hypoleucoides,48,48,4,-,-,-,X,X,Evergreen broadleaf
844,Oglethorpe oak,Quercus oglethorpensis,27,47,4,-,-,-,-,X,Deciduous broadleaf
845,dwarf chinkapin oak,Quercus prinoides,43,47,4,X,X,-,-,X,Deciduous broadleaf
846,gray oak,Quercus grisea,48,48,4,-,-,-,X,X,Shrub
847,netleaf oak,Quercus rugosa,48,48,4,-,-,-,X,X,Shrub
851,Chisos oak,Quercus graciliformis,26,47,4,-,-,-,-,X,Evergreen broadleaf
8511,Graves oak,Quercus gravesii,26,47,4,-,-,-,-,X,Deciduous broadleaf
8512,Mexican white oak,Quercus polymorpha,26,47,4,-,-,-,-,X,Evergreen broadleaf
8513,Buckley oak,Quercus buckleyi,26,47,4,-,-,-,-,X,Deciduous broadleaf
8514,Lacey oak,Quercus laceyi,26,47,4,-,-,-,-,X,Deciduous broadleaf
852,sea torchwood,Amyris elemifera,43,47,3,-,-,-,-,X,Evergreen broadleaf
853,pond-apple,Annona glabra,43,47,3,-,-,-,-,X,Wetland tree
854,gumbo limbo,Bursera simaruba,43,47,3,-,-,-,-,X,Evergreen
855,sheoak spp.,Casuarina spp.,43,47,3,-,-,-,-,X,Evergreen
856,gray sheoak,Casuarina glauca,43,47,3,-,-,-,-,X,Evergreen
857,belah,Casuarina lepidophloia,43,47,3,-,-,-,-,X,Evergreen
858,camphortree,Cinnamomum camphora,43,47,3,-,-,-,-,X,Evergreen
859,Florida fiddlewood,Citharexylum fruticosum,43,47,3,-,-,-,-,X,Evergreen
860,citrus spp.,Citrus spp.,43,47,3,-,-,-,-,X,Flowering plants
863,tietongue or  pigeon-plum,Coccoloba diversifolia,43,47,3,-,-,-,-,X,Evergreen 
865,largeleaf geigertree,Cordia sebestena,43,47,3,-,-,-,-,X,Flowering plants
866,carrotwood,Cupaniopsis anacardioides,43,47,3,-,-,-,-,X,Evergreen
867,bluewood,Condalia hookeri,48,48,4,-,-,-,-,X,Shrub
868,blackbead ebony,Ebenopsis ebano,42,47,4,-,-,-,-,X,Evergreen
869,great leucaene,Leucaena pulverulenta,43,47,3,-,-,-,-,X,Nitrogen fixing legumes
870,Texas sophora,Sophora affinis,42,47,4,-,-,-,-,X,Deciduous
873,red stopper,Eugenia rhombea,43,47,3,-,-,-,-,X,Shrub
874,butterbough or  inkwood,Exothea paniculata,43,47,3,-,-,-,-,X,Shrub
876,Florida strangler fig,Ficus aurea,43,47,3,-,-,-,-,X,Evergreen
877,wild banyantree or  shortleaf fig,Ficus citrifolia,43,47,3,-,-,-,-,X,Evergreen
882,beeftree or  longleaf blolly,Guapira discolor,43,47,3,-,-,-,-,X,Shrub
883,manchineel,Hippomane mancinella,43,47,3,-,-,-,-,X,Shrub
884,false tamarind,Lysiloma latisiliquum,43,47,3,-,-,-,-,X,Evergreen
885,mango,Mangifera indica,43,47,3,-,-,-,-,X,Evergreen
886,Florida poisontree,Metopium toxiferum,43,47,3,-,-,-,-,X,Evergreen
887,fishpoison tree,Piscidia piscipula,43,47,3,-,-,-,-,X,Deciduous
888,octopus tree or  schefflera,Schefflera actinophylla,43,47,3,-,-,-,-,X,Evergreen
890,false mastic,Sideroxylon foetidissimum,43,47,3,-,-,-,-,X,Evergreen
891,white bully or  willow bustic,Sideroxylon salicifolium,43,47,3,-,-,-,-,X,Evergreen
895,paradisetree,Simarouba glauca,43,47,3,-,-,-,-,X,Deciduous
896,Java plum,Syzygium cumini,43,47,3,-,-,-,-,X,Evergreen
897,tamarind,Tamarindus indica,43,47,3,-,-,-,-,X,Evergreen
901,black locust,Robinia pseudoacacia,42,47,4,X,X,X,X,X,Nitrogen fixing legumes
902,New Mexico locust,Robinia neomexicana,48,48,4,-,-,-,-,X,Nitrogen fixing legumes
906,Everglades palm or  paurotis-palm,Acoelorraphe wrightii,43,47,3,-,-,-,-,X,Palm
907,Florida silver palm,Coccothrinax argentata,43,47,3,-,-,-,-,X,Palm
908,coconut palm,Cocos nucifera,43,47,3,-,-,-,-,X,Palm
909,royal palm spp.,Roystonea spp.,43,47,3,-,-,-,-,X,Palm
911,Mexican palmetto,Sabal mexicana,41,47,3,-,-,-,-,X,Palm
912,cabbage palmetto,Sabal palmetto,43,47,3,-,-,-,-,X,Palm
913,key thatch palm,Thrinax morrisii,43,47,3,-,-,-,-,X,Palm
914,Florida thatch palm,Thrinax radiata,43,47,3,-,-,-,-,X,Palm
915,other palms,Family Arecaceae not listed above,43,47,3,-,-,-,-,X,Palm
919,western soapberry,Sapindus saponaria var. drummondii,43,47,4,X,-,-,-,X,Deciduous
920,willow spp.,Salix spp.,43,47,3,X,X,X,-,X,Deciduous
921,peachleaf willow,Salix amygdaloides,43,47,3,X,X,-,-,X,Deciduous
922,black willow,Salix nigra,41,47,3,X,X,X,-,X,Deciduous
923,Bebb willow,Salix bebbiana,43,47,3,X,X,-,-,X,Deciduous
924,Bonpland willow,Salix bonplandiana,41,47,3,-,-,-,-,X,Deciduous
925,coastal plain willow,Salix caroliniana,43,47,3,X,X,-,-,X,Deciduous
926,balsam willow,Salix pyrifolia,43,47,3,X,X,X,-,-,Deciduous
927,white willow,Salix alba,41,47,3,X,X,-,-,X,Deciduous
928,Scouler's willow,Salix scouleriana,41,47,3,X,-,X,-,-,Deciduous
929,weeping willow,Salix sepulcralis,41,47,3,X,X,-,-,X,Deciduous
931,sassafras,Sassafras albidum,41,47,3,X,X,-,-,X,Deciduous
934,mountain-ash spp.,Sorbus spp.,43,47,4,X,X,-,-,X,Deciduous
935,American mountain-ash,Sorbus americana,43,47,4,X,X,-,-,X,Deciduous
936,European mountain-ash,Sorbus aucuparia,43,47,4,-,X,-,-,X,Deciduous
937,northern mountain-ash,Sorbus decora,43,47,4,X,X,-,-,-,Deciduous
940,West Indian mahogany,Swietenia mahagoni,43,47,4,-,-,-,-,X,Evergreen
950,basswood spp.,Tilia spp.,38,47,3,X,X,-,-,X,Deciduous broadleaf
951,American basswood,Tilia americana,38,47,3,X,X,-,-,X,Deciduous broadleaf
952,white basswood,Tilia americana var. heterophylla,38,47,3,X,X,-,-,X,Deciduous broadleaf
953,Carolina basswood,Tilia americana var. caroliniana,38,47,3,X,-,-,-,X,Deciduous broadleaf
970,elm spp.,Ulmus spp.,41,47,3,X,X,-,-,X,Deciduous broadleaf
971,winged elm,Ulmus alata,41,47,4,X,X,-,-,X,Deciduous broadleaf
972,American elm,Ulmus americana,41,47,3,X,X,-,X,X,Deciduous broadleaf
973,cedar elm,Ulmus crassifolia,41,47,3,X,-,-,-,X,Deciduous broadleaf
974,Siberian elm,Ulmus pumila,41,47,3,X,X,-,X,X,Deciduous broadleaf
975,slippery elm,Ulmus rubra,41,47,3,X,X,-,-,X,Deciduous broadleaf
976,September elm,Ulmus serotina,41,47,3,X,-,-,-,X,Deciduous broadleaf
977,rock elm,Ulmus thomasii,42,47,4,X,X,-,-,X,Deciduous broadleaf
981,California-laurel,Umbellularia californica,43,47,4,-,-,X,-,-,Evergreen
982,Joshua tree,Yucca brevifolia,43,47,3,-,-,X,-,-,Monocot
986,black-mangrove,Avicennia germinans,43,47,4,-,-,-,-,X,Mangrove
987,buttonwood-mangrove,Conocarpus erectus,43,47,4,-,-,-,-,X,Mangrove
988,white-mangrove,Laguncularia racemosa,43,47,4,-,-,-,-,X,Mangrove
989,American mangrove,Rhizophora mangle,43,47,4,-,-,-,-,X,Mangrove
990,desert ironwood,Olneya tesota,48,48,4,-,-,X,-,-,Evergreen
991,saltcedar,Tamarix spp.,43,47,3,X,-,X,-,-,Deciduous and evergreen trees
992,melaleuca,Melaleuca quinquenervia,41,47,3,-,-,-,-,X,Evergreen
993,chinaberry,Melia azedarach,43,47,4,X,-,-,-,X,Deciduous
994,Chinese tallowtree,Triadica sebifera,43,47,4,-,-,-,-,X,Deciduous
995,tungoil tree,Vernicia fordii,43,47,4,-,-,-,-,X,Deciduous
996,smoketree,Cotinus obovatus,43,47,4,X,-,-,-,X,Deciduous
997,Russian-olive,Elaeagnus angustifolia,43,47,3,X,X,X,-,X,Nitrogen fixing legumes
998,Unknown dead hardwood,Tree broadleaf,43,47,3,X,X,X,-,X,Broadleaf
999,Other or unknown live tree,Tree unknown,43,47,3,X,X,X,-,X,Unknown